PRESIDENT,District #,Vote,Obama D,McCain R,McCain IDC,McCain C,Obama WF,Calero SW,LaRiva S&L,McKinney G,Barr L,Nader Pop,Write-in,Void/Blank
,,,,,,,,,,,,,,
1ST WARD,01|,398,233,122,12,8,9,0,1,0,3,4,0,6
,02|,305,182,99,5,5,3,1,0,1,2,3,0,4
,03|,375,239,92,11,9,5,0,0,0,1,4,0,14
,04|,389,230,107,9,6,16,0,0,0,4,6,0,11
,05|,275,165,75,10,6,6,0,0,0,5,1,0,7
,06|,265,191,50,5,4,5,1,0,1,2,2,0,4
,07|,300,177,94,10,6,5,0,0,0,1,5,0,2
,08|,304,181,94,8,2,8,0,0,0,1,2,0,8
2ND WARD,01|,330,203,91,9,3,10,0,1,0,0,3,0,10
,02|,426,277,103,8,15,6,1,0,3,1,2,0,10
,03|,358,258,62,9,6,13,0,0,1,1,7,0,1
3RD WARD,01|,106,61,35,1,2,3,1,0,0,1,1,0,1
,02|,370,243,95,10,5,6,1,0,2,1,2,0,5
,03|,489,300,140,9,11,8,0,0,2,5,4,0,10
,04|,370,219,99,13,6,16,2,0,0,2,3,0,10
,05|,369,198,125,12,9,11,3,2,2,3,2,1,1
,06|,425,284,99,7,11,11,0,0,2,1,5,0,5
,07|,460,258,150,8,17,12,0,0,3,3,4,0,5
4TH WARD,01|,416,297,88,6,12,4,0,0,0,4,2,0,3
,02|,420,247,112,8,22,14,1,0,1,2,0,0,13
,03|,509,290,172,17,9,9,0,0,1,3,5,0,3
,04|,416,200,173,14,10,6,1,0,1,4,1,0,6
,05|,534,329,164,7,12,14,0,0,2,3,1,0,2
,06|,394,225,132,11,10,10,0,0,0,4,1,0,1
,07|,417,237,140,8,12,7,2,0,2,3,6,0,0
,08|,567,390,119,10,11,16,0,0,1,2,8,0,10
,09|,420,261,104,9,8,12,0,0,3,5,10,0,8
,10|,381,252,84,9,9,10,0,0,1,2,6,0,8
,11|,290,194,71,6,4,5,2,1,0,1,4,0,2
5TH WARD,01|,606,405,139,13,8,24,0,0,2,4,5,0,6
,02|,322,179,108,10,7,6,0,0,1,1,7,0,3
,04|,491,307,126,13,18,12,0,0,2,4,6,0,3
,05|,394,236,118,11,7,12,0,0,1,2,6,0,1
,06|,516,337,122,10,10,23,0,0,2,3,6,0,3
,07|,509,298,136,18,18,11,0,0,2,8,11,0,7
,08|,0,0,0,0,0,0,0,0,0,0,0,0,0
,09|,460,256,137,21,16,16,0,0,3,4,3,0,4
,10|,564,356,151,15,8,19,1,0,0,2,6,1,5
,11|,501,316,139,7,13,10,0,0,0,1,8,0,7
6TH WARD,01|,461,367,60,7,6,8,1,0,4,1,3,0,4
,02|,481,357,88,6,3,11,0,0,5,0,6,0,5
,03|,367,257,72,6,6,11,0,0,1,1,4,0,9
,04|,189,141,39,2,1,2,0,0,0,0,2,0,2
,05|,400,245,118,8,10,8,0,0,0,0,3,0,8
,06|,269,178,70,7,1,4,0,0,2,2,3,0,2
,07|,370,232,96,10,9,12,1,0,1,0,2,0,7
7TH WARD,01|,312,195,91,8,4,6,1,0,0,0,4,0,3
,02|,397,247,104,5,6,17,0,0,0,3,9,0,6
,03|,363,222,101,6,8,8,2,0,1,5,2,0,8
,04|,277,165,83,7,8,6,0,0,0,2,6,0,0
8TH WARD,01|,345,305,17,0,1,8,0,0,0,1,0,0,13
,02|,446,276,123,11,14,8,0,0,0,4,5,0,5
,03|,216,169,24,0,3,9,1,0,1,2,1,0,6
,04|,174,121,37,2,5,5,0,0,0,0,2,0,2
,05|,458,296,114,16,9,5,0,0,2,2,10,0,4
9TH WARD,01|,310,231,57,6,6,1,0,0,0,2,2,0,5
,02|,432,302,106,4,4,11,0,0,0,3,2,0,0
,03|,41,31,5,0,1,1,0,0,0,2,1,0,0
,05|,448,412,7,1,1,21,0,0,0,0,1,0,5
10TH WARD,01|,237,178,42,3,6,4,2,0,0,0,0,0,2
,02|,27,22,0,1,0,1,0,0,0,0,0,0,3
,03|,400,336,34,4,3,17,0,0,2,1,0,0,3
,04|,292,270,7,0,4,6,0,0,0,0,3,0,2
,05|,271,219,36,2,5,5,0,0,0,0,1,0,3
11TH WARD,01|,282,208,46,5,6,5,3,0,1,2,2,0,4
,02|,339,242,57,6,8,13,0,1,0,1,4,0,7
,03|,433,310,83,5,7,17,0,2,0,0,6,0,3
,04|,371,253,90,5,7,8,0,0,1,4,2,0,1
,05|,227,178,22,3,1,16,0,0,1,1,1,0,4
,06|,91,68,11,3,3,4,0,0,0,1,0,0,1
,07|,428,219,179,9,7,3,0,0,1,1,5,0,4
,08|,438,272,124,6,10,9,1,1,3,3,7,0,2
12TH WARD,01|,514,477,12,3,1,15,0,0,0,0,2,0,4
,02|,276,266,5,0,1,2,0,0,0,0,0,0,2
,03|,43,33,8,0,2,0,0,0,0,0,0,0,0
,04|,458,377,61,2,3,7,0,0,1,1,1,0,5
,05|,331,239,55,3,20,11,1,0,0,0,1,0,1
,06|,438,316,85,5,11,6,0,1,1,2,6,0,5
13TH WARD,01|,588,512,42,5,3,20,0,0,0,0,0,0,6
,02|,306,254,36,2,1,5,0,0,0,1,5,0,2
,03|,515,358,105,8,13,20,0,0,2,1,4,0,4
,04|,426,300,84,8,8,15,0,0,1,2,5,0,3
,05|,590,452,93,8,11,11,0,1,1,3,4,1,5
,06|,576,527,29,1,4,9,0,0,1,0,0,0,5
,07|,71,54,14,1,0,2,0,0,0,0,0,0,0
,08|,298,214,59,4,5,10,0,0,0,0,5,0,1
,09|,365,229,102,5,11,8,0,0,2,1,5,0,2
,10|,452,315,93,5,21,4,0,0,4,1,5,0,4
14TH WARD,01|,378,348,16,0,1,7,0,0,0,0,2,0,4
,02|,336,295,27,2,1,7,0,0,0,1,0,0,3
,03|,544,472,44,1,9,11,1,0,0,0,2,0,4
,04|,472,385,58,3,5,9,0,0,2,0,4,0,6
,05|,233,147,71,1,7,3,0,0,0,0,0,0,4
,06|,532,331,145,9,12,13,0,0,0,5,10,0,7
,07|,513,269,188,14,21,10,0,0,0,3,3,0,5
,08|,412,327,49,7,7,12,0,0,0,0,5,0,5
,09|,399,272,103,4,5,6,0,0,3,3,3,0,0
,10|,357,284,43,3,6,9,0,0,0,0,0,1,11
,11|,553,355,140,9,19,15,0,0,2,1,6,0,6
,12|,452,290,118,11,11,4,0,0,0,2,6,0,10
,13|,195,142,38,3,3,4,0,0,0,0,1,0,4
15TH WARD,02|,66,52,6,0,1,4,0,0,0,0,3,0,0
,03|,181,141,30,4,1,1,0,0,0,0,3,0,1
,04|,111,110,0,0,0,1,0,0,0,0,0,0,0
16TH WARD,01|,889,720,114,16,7,18,0,0,1,5,0,0,8
,02|,227,180,20,3,6,11,0,0,1,0,1,0,5
,03|,319,261,25,1,3,24,0,0,0,3,1,0,1
,04|,709,571,84,11,4,14,0,0,3,3,3,0,16
,05|,491,392,43,3,5,32,0,0,5,3,4,0,4
17TH WARD,01|,439,331,45,8,10,33,0,0,3,1,5,1,2
,02|,458,381,41,3,4,16,0,0,0,3,2,1,7
,03|,402,320,23,0,3,33,1,1,7,2,9,0,3
,04|,419,347,25,2,3,26,0,0,4,3,8,0,1
,05|,374,295,24,3,0,30,1,0,8,2,9,0,2
,06|,409,385,10,0,0,7,0,0,1,0,0,0,6
,07|,591,501,49,4,2,23,0,0,0,1,4,0,7
,08|,397,325,50,0,2,15,0,0,1,2,1,1,0
,09|,533,411,83,4,3,25,0,0,1,3,1,0,2
,10|,519,463,39,4,0,4,0,0,0,0,2,0,7
,11|,357,318,18,2,3,10,0,0,0,0,0,0,6
,12|,456,359,54,6,7,13,0,0,1,3,11,0,2
,13|,484,343,99,4,10,16,1,0,1,1,6,0,3
,14|,474,413,36,1,3,13,0,0,0,1,2,0,5
,15|,614,449,117,6,14,16,1,0,2,3,4,0,2
,16|,395,302,58,3,6,17,0,0,0,2,3,0,4
,17|,302,236,45,2,2,6,0,1,1,0,3,0,6
,18|,10,9,1,0,0,0,0,0,0,0,0,0,0
18TH WARD,01|,359,343,6,0,2,4,0,0,1,0,0,0,3
,02|,514,468,18,3,4,16,0,0,0,0,0,0,5
19TH WARD,01|,445,417,13,2,1,9,0,0,0,1,0,0,2
,02|,405,360,16,0,3,19,0,0,0,1,2,0,4
,03|,867,699,115,9,7,14,0,0,1,5,5,0,12
,04|,373,350,12,1,0,4,0,1,0,0,1,0,4
,05|,492,451,18,0,2,12,0,0,1,1,0,0,7
,06|,541,430,50,4,5,26,0,0,2,3,9,1,11
,07|,349,266,42,2,5,21,0,0,0,4,5,0,4
,08|,267,190,43,6,5,15,1,0,1,0,3,0,3
WARD   TOTAL,|,52894,38464,9805,787,883,1466,36,14,134,226,456,8,615
,,,,,,,,,,,,,,
PRESIDENT,District #,Vote,Obama D,McCain R,McCain IDC,McCain C,Obama WF,Calero SW,LaRiva S&L,McKinney G,Barr L,Nader Pop,Write-in,Void/Blank
,,,,,,,,,,,,,,
CAMILLUS,01|,665,293,307,15,27,14,0,0,0,2,5,0,2
,02|,790,390,319,28,21,15,0,0,0,5,7,0,5
,03|,283,152,110,3,5,3,1,0,0,3,4,0,2
,04|,595,328,200,13,23,13,0,0,1,6,7,0,4
,05|,623,297,260,16,22,7,0,0,3,3,7,0,8
,06|,434,223,153,11,18,12,0,0,2,5,4,0,6
,07|,1022,441,456,32,43,23,0,1,2,9,9,0,6
,08|,292,156,110,5,11,3,0,0,0,0,1,0,6
,09|,503,283,183,8,14,7,0,0,0,4,0,0,4
,10|,513,288,186,10,8,4,0,0,0,8,4,0,5
,11|,551,270,199,17,21,15,1,0,0,9,12,0,7
,12|,336,188,113,13,7,4,1,0,0,2,5,0,3
,13|,581,291,205,11,25,17,1,0,3,6,12,0,10
,14|,459,208,202,10,16,1,0,0,2,5,3,0,12
,15|,579,292,231,7,19,14,1,0,0,3,6,0,6
,16|,614,327,223,12,19,14,0,0,1,4,10,0,4
,17|,424,205,165,10,21,5,2,1,2,6,4,0,3
,18|,527,268,209,8,21,9,0,0,0,5,1,0,6
,19|,470,216,218,10,18,1,0,0,0,2,1,0,4
,20|,503,241,176,10,26,17,0,0,1,2,5,1,24
,21|,345,168,137,12,9,8,1,0,1,3,4,0,2
,22|,387,200,151,2,13,7,0,1,1,6,0,0,6
,23|,434,187,188,11,16,11,0,0,1,4,8,0,8
,24|,548,267,234,9,18,6,1,0,1,2,3,0,7
,25|,430,253,127,13,11,10,0,0,2,6,6,0,2
,26|,750,386,278,13,24,20,0,0,3,9,11,0,6
CICERO,01|,316,151,121,11,16,9,1,0,0,2,3,0,2
,02|,647,297,274,28,30,9,0,0,0,2,3,0,4
,03|,559,294,208,16,17,12,0,0,0,0,7,0,5
,04|,762,351,321,17,26,20,1,1,2,7,9,0,7
,05|,506,260,193,15,14,9,0,0,0,6,3,0,6
,06|,386,193,135,14,11,15,1,0,4,3,6,0,4
,07|,625,282,272,25,21,12,0,0,0,4,5,0,4
,08|,566,253,263,16,15,8,0,0,0,1,7,0,3
,09|,302,163,104,6,11,3,0,0,0,2,9,0,4
,10|,470,205,209,13,14,15,1,0,1,4,4,0,4
,11|,430,198,184,17,12,1,0,0,1,6,9,0,2
,12|,675,372,240,15,15,15,0,0,2,3,4,1,8
,13|,607,312,225,20,15,14,1,0,0,5,4,0,11
,14|,565,295,228,11,11,4,0,0,0,4,6,0,6
,15|,359,163,161,4,11,10,0,0,1,2,6,0,1
,16|,1087,489,490,35,36,21,0,0,1,7,3,0,5
ç,17|,573,281,228,18,20,13,0,1,1,1,7,0,3
ç,18|,247,125,96,4,6,5,0,0,2,2,2,0,5
ç,19|,605,321,238,14,14,14,0,0,0,1,3,0,0
ç,20|,365,167,166,10,12,6,0,0,0,3,1,0,0
ç,21|,638,280,281,16,36,13,0,0,1,3,5,0,3
ç,22|,244,138,73,7,9,7,0,0,0,2,3,0,5
ç,23|,564,270,235,18,18,9,0,0,1,3,5,0,5
ç,24|,658,357,246,11,18,18,0,0,0,1,4,0,3
ç,25|,599,319,225,18,13,18,0,0,0,1,3,0,2
ç,26|,640,318,255,19,22,11,2,0,1,5,4,0,3
ç,27|,511,286,181,13,15,7,0,0,1,2,1,0,5
ç,28|,662,351,249,13,22,16,0,0,1,3,4,0,3
CLAY,01|,616,260,285,11,27,12,2,0,1,5,9,0,4
ç,02|,501,258,169,21,16,19,0,0,1,7,4,0,6
ç,03|,652,352,227,21,25,13,0,0,0,6,6,0,2
ç,04|,656,360,226,15,31,9,0,1,0,6,3,0,5
ç,05|,286,161,100,7,9,1,1,0,1,2,3,0,1
ç,06|,397,197,140,16,15,11,1,0,2,2,6,0,7
ç,07|,540,270,211,23,18,7,0,0,0,3,3,0,5
ç,08|,373,189,148,15,9,2,0,0,0,0,3,0,7
ç,09|,395,199,150,7,10,18,0,0,1,2,4,0,4
ç,10|,468,232,170,14,17,19,0,0,1,3,11,0,1
ç,11|,506,287,162,14,12,15,2,1,0,1,6,1,5
ç,12|,661,312,289,18,17,14,0,1,0,3,5,0,2
ç,13|,434,221,166,10,19,7,0,0,0,4,7,0,0
ç,14|,600,293,245,16,19,10,0,0,1,5,6,0,5
ç,15|,961,697,192,16,18,15,2,0,4,7,6,0,4
ç,16|,509,271,178,11,21,7,0,0,3,2,5,3,8
ç,17|,456,210,190,12,13,15,0,0,0,4,9,0,3
ç,18|,585,308,222,14,17,8,0,0,0,6,5,0,5
ç,19|,492,219,200,17,23,7,1,0,0,8,9,0,8
ç,20|,426,210,164,12,16,15,0,0,0,4,4,0,1
ç,21|,574,298,211,16,24,7,0,0,2,3,8,0,5
ç,22|,554,301,200,13,14,8,1,0,0,5,5,0,7
ç,23|,487,291,147,7,19,10,0,0,1,2,4,0,6
ç,24|,310,191,92,3,5,6,0,0,2,4,3,0,4
ç,25|,452,258,144,6,19,15,1,0,0,2,3,0,4
ç,26|,605,327,226,12,19,9,0,0,0,3,4,0,5
ç,27|,600,241,294,15,22,17,0,0,1,2,6,1,1
ç,28|,545,316,179,10,14,10,0,0,1,2,7,0,6
ç,29|,569,262,231,14,27,12,0,0,2,4,11,0,6
ç,30|,374,195,131,8,17,13,0,0,1,4,3,0,2
ç,31|,442,218,173,11,14,12,0,0,0,3,9,0,2
ç,32|,577,257,276,14,15,5,0,0,3,3,2,0,2
ç,33|,704,382,246,18,11,27,0,0,1,8,4,0,7
,34|,657,361,224,23,19,13,0,2,1,4,5,0,5
,35|,588,306,229,8,19,14,0,0,1,1,5,0,5
,36|,440,255,144,13,7,7,1,0,0,6,3,0,4
,37|,379,170,165,11,18,9,0,0,1,4,1,0,0
,38|,495,274,170,14,8,15,0,1,1,3,4,0,5
,39|,915,531,292,20,12,38,1,0,1,6,11,0,3
,40|,407,198,163,6,17,13,0,0,0,3,5,0,2
,41|,359,206,124,10,8,5,0,0,1,0,4,0,1
,42|,631,358,214,13,16,14,0,1,0,6,6,0,3
,43|,706,417,217,22,18,15,0,0,1,9,2,0,5
,44|,764,406,292,17,27,10,1,0,1,2,3,0,5
,45|,557,286,202,8,21,22,0,0,0,4,12,0,2
,46|,723,348,304,19,29,14,0,0,0,2,4,0,3
,47|,679,381,252,13,19,7,0,0,0,4,1,0,2
,48|,606,358,190,15,16,14,0,0,2,4,5,0,2
,49|,752,395,293,20,23,9,0,0,0,3,5,0,4
,50|,928,516,327,24,29,19,0,0,0,4,5,0,4
,51|,844,418,344,22,24,11,0,0,1,5,12,0,7
DEWITT,01|,533,281,202,8,25,5,0,0,0,3,3,0,6
,02|,684,434,195,7,13,12,0,0,2,2,4,0,15
,03|,554,360,148,13,12,9,0,1,1,5,1,0,4
,04|,598,346,209,13,15,7,0,0,0,1,5,0,2
,05|,594,368,171,9,11,11,0,0,0,5,8,0,11
,06|,607,325,250,11,7,7,0,0,0,3,1,0,3
,07|,393,230,117,11,10,10,2,0,0,4,4,1,4
,08|,375,187,143,13,14,8,1,1,0,2,2,0,4
,09|,380,214,109,14,13,11,0,0,3,5,6,0,5
,10|,587,357,174,8,20,15,0,0,3,2,2,0,6
,11|,425,224,140,15,12,11,1,0,3,6,9,0,4
,12|,499,237,206,15,18,10,0,0,0,1,6,0,6
,13|,356,190,129,7,9,8,0,0,1,1,0,0,11
,14|,395,290,72,6,10,9,0,0,0,1,1,0,6
,15|,456,236,171,13,11,10,0,1,2,2,4,0,6
,16|,344,210,103,10,7,4,0,0,1,2,1,0,6
,17|,206,124,52,4,8,11,0,0,0,1,1,0,5
,18|,445,254,148,5,10,10,1,0,0,5,5,0,7
,19|,636,323,244,16,21,8,0,0,0,2,6,1,15
,20|,585,287,217,24,27,12,0,2,2,3,5,0,6
,21|,682,393,211,11,16,25,1,0,3,3,9,0,10
,22|,405,299,76,7,5,8,0,1,1,0,6,1,1
,23|,746,393,285,14,16,24,0,0,2,2,1,0,9
,24|,561,369,149,9,12,9,1,0,0,3,3,0,6
,25|,474,271,139,16,15,14,0,0,0,3,7,0,9
,26|,442,254,137,16,12,4,0,0,2,2,8,0,7
,27|,395,213,161,10,3,6,1,0,0,0,0,0,1
ELBRIDGE,01|,525,238,219,12,17,15,0,0,2,5,12,0,5
,02|,475,233,168,14,28,15,1,0,0,0,5,0,11
,03|,639,281,261,21,29,18,1,0,0,5,12,0,11
,04|,288,129,117,10,11,9,1,0,0,5,2,0,4
,05|,440,190,189,16,17,11,0,0,0,3,10,0,4
,06|,454,214,188,13,18,11,0,0,0,3,2,0,5
FABIUS,01|,667,312,285,18,23,7,1,0,0,4,1,4,12
,02|,410,196,170,12,21,5,0,0,1,0,1,1,3
GEDDES,01|,384,191,148,9,14,8,1,0,1,2,5,0,5
,02|,325,158,124,9,8,8,1,0,1,3,6,0,7
,03|,338,191,122,6,9,3,0,1,0,1,1,0,4
,04|,316,143,137,7,11,4,0,1,0,2,4,0,7
,05|,615,297,258,19,10,12,0,0,4,1,8,0,6
,06|,551,287,210,14,8,9,2,1,1,3,3,0,13
,07|,522,265,208,11,10,10,2,0,0,5,5,0,6
,08|,641,354,222,15,19,10,1,0,1,5,3,0,11
,09|,234,111,93,12,8,2,0,0,0,0,4,0,4
,10|,472,263,160,12,9,13,0,0,0,6,8,0,1
,11|,453,232,175,11,11,11,0,0,1,4,2,0,6
,12|,464,232,192,9,13,4,0,0,0,2,2,0,10
,13|,384,192,161,8,6,4,2,4,0,2,3,0,2
,14|,405,215,153,12,6,6,0,0,0,3,2,0,8
,15|,621,341,222,11,17,8,1,0,1,5,10,0,5
,16|,435,247,153,7,12,8,0,0,0,0,4,0,4
,17|,641,311,248,18,25,19,1,1,0,2,7,0,9
,18|,399,186,155,13,22,15,0,1,1,3,2,0,1
,19|,222,117,70,8,10,14,0,0,1,1,1,0,0
,20|,504,225,219,17,11,10,1,2,0,4,9,0,6
,21|,448,247,162,11,11,11,0,0,1,1,2,1,1
LAFAYETTE,01|,364,144,156,14,24,10,0,0,1,6,7,0,2
,02|,667,271,310,24,38,6,0,0,4,3,4,0,7
,03|,665,310,284,20,22,12,0,0,1,2,8,0,6
,04|,542,242,213,15,36,14,0,0,0,13,3,0,6
,05|,560,255,250,15,17,9,0,1,1,2,5,0,5
LYSANDER,01|,587,250,266,14,31,9,1,0,2,7,5,0,2
,02|,474,215,199,17,23,9,0,0,0,5,5,0,1
,03|,524,222,227,25,22,9,1,0,1,4,9,0,4
,04|,390,190,156,10,18,5,0,0,2,3,3,0,3
,05|,424,224,150,7,10,10,1,0,0,6,8,0,8
,06|,424,200,188,11,15,3,0,0,2,3,1,0,1
,07|,433,227,168,11,8,11,0,0,0,1,5,1,1
,08|,845,380,368,25,32,23,0,0,2,5,3,1,6
,09|,567,254,248,16,27,12,0,1,1,2,4,0,2
,10|,342,170,131,8,13,8,0,1,1,4,2,0,4
,11|,443,220,176,14,15,8,0,0,0,5,2,0,3
,12|,618,316,239,14,22,8,0,0,0,10,5,0,4
,13|,755,379,313,16,19,14,0,0,1,9,3,0,1
,14|,381,196,159,7,7,4,0,0,0,4,1,1,2
,15|,542,219,281,12,17,10,0,0,0,3,0,0,0
,16|,583,283,243,10,22,11,0,0,0,4,6,0,4
,17|,467,250,169,11,11,9,0,0,1,3,5,0,8
,18|,552,285,225,12,19,3,0,0,0,4,1,0,3
,19|,907,423,410,23,18,14,0,0,2,7,4,0,6
,20|,930,431,405,24,37,13,0,0,0,9,2,0,9
MANLIUS,01|,583,250,234,24,35,15,1,0,1,3,9,0,11
,02|,671,347,249,20,17,13,2,1,3,1,7,0,11
,03|,527,249,220,19,13,9,1,0,0,5,3,0,8
,04|,495,283,171,11,9,11,0,0,0,3,5,0,2
,05|,428,255,129,15,12,9,0,0,0,3,0,0,5
,06|,324,177,126,3,6,6,0,0,0,0,5,0,1
,07|,532,294,177,12,24,7,0,1,2,6,4,0,5
,08|,571,312,212,13,19,11,1,0,0,0,1,0,2
,09|,569,273,228,15,21,18,0,0,1,5,1,0,7
,10|,738,378,266,22,31,16,2,0,0,5,10,0,8
,11|,482,257,186,17,13,3,0,0,1,2,1,0,2
,12|,642,352,235,13,21,8,0,0,2,2,5,0,4
,13|,344,181,128,5,12,3,0,0,0,5,3,1,6
,14|,571,305,220,10,13,7,0,0,3,2,5,0,6
,15|,432,192,181,14,20,9,0,0,0,6,0,0,10
,16|,619,349,213,13,16,12,1,0,1,3,8,0,3
,17|,578,313,216,5,19,11,0,0,0,7,4,0,3
,18|,611,304,253,12,22,4,0,0,4,4,5,0,3
,19|,350,191,126,6,10,9,0,0,0,2,1,0,5
,20|,460,276,152,10,11,5,0,0,1,2,1,0,2
,21|,525,329,147,14,10,9,2,0,1,0,7,2,4
,22|,680,369,255,14,22,4,1,1,0,3,4,0,7
,23|,446,260,156,4,9,6,0,0,0,3,5,0,3
,24|,645,310,253,15,31,16,1,0,1,6,7,0,5
,25|,656,350,243,15,20,8,1,0,1,8,5,0,5
,26|,664,391,222,10,17,9,1,0,1,5,3,0,5
,27|,506,266,191,9,16,4,0,0,2,6,6,0,6
,28|,463,219,194,14,13,17,0,0,0,2,2,0,2
,29|,375,187,146,14,9,10,0,0,0,4,1,0,4
,30|,449,210,200,8,13,4,0,0,0,5,1,0,8
,31|,685,351,283,13,22,10,0,0,0,3,2,0,1
,32|,422,241,142,7,13,4,0,0,2,3,0,0,10
,33|,570,327,210,4,13,5,0,0,0,1,1,0,9
,34|,592,319,229,8,16,6,0,0,0,3,5,0,6
,35|,588,270,287,7,15,1,0,0,0,5,1,0,2
MARCELLUS,01|,530,322,167,11,10,9,0,0,1,1,4,0,5
,02|,521,224,234,6,23,13,0,0,2,2,0,0,17
,03|,545,270,220,11,17,14,0,0,1,3,6,0,3
,04|,652,330,254,13,28,13,0,0,2,2,8,0,2
,05|,684,349,254,26,25,13,0,1,0,4,8,0,4
,06|,713,338,288,32,25,13,0,0,2,4,8,0,3
ONONDAGA,01|,514,213,233,8,28,15,0,0,1,2,7,0,7
,02|,731,360,313,16,13,13,0,1,2,3,5,0,5
,03|,662,333,267,15,29,6,1,0,1,2,5,0,3
,04|,600,320,201,17,20,17,0,1,0,2,12,1,9
,05|,744,430,232,21,18,22,2,0,0,6,4,1,8
,06|,507,251,191,15,22,11,1,0,1,4,4,0,7
,07|,296,134,123,7,16,6,0,0,0,6,2,0,2
,08|,383,249,94,13,13,7,0,0,0,0,5,0,2
,09|,726,364,287,17,24,18,1,0,3,3,2,0,7
,10|,552,229,223,22,29,22,1,0,4,5,11,0,6
,11|,574,273,238,15,20,9,0,0,0,2,9,0,8
,12|,523,261,207,15,15,9,1,1,1,4,5,0,4
,13|,716,352,292,15,24,9,0,1,1,11,7,0,4
,14|,674,335,259,26,18,13,0,0,1,1,12,0,9
,15|,374,228,121,6,14,1,0,0,1,1,2,0,0
,16|,667,388,219,16,19,7,0,0,1,7,1,0,9
,17|,837,384,356,30,31,10,0,0,2,7,11,0,6
,18|,584,323,201,14,22,9,0,0,0,3,6,0,6
,19|,406,175,170,6,25,10,1,0,2,5,6,2,4
,20|,367,165,146,6,30,4,0,0,1,3,7,0,5
,21|,594,289,231,13,32,10,1,0,1,9,2,0,6
OTISCO,01|,830,322,398,30,36,16,0,0,2,10,9,0,7
,02|,553,237,253,9,24,11,1,0,1,4,7,0,6
POMPEY,01|,693,293,319,16,27,12,0,1,1,5,8,0,11
,02|,567,266,237,16,20,12,0,0,2,4,4,0,6
,03|,700,360,276,21,24,2,0,0,1,6,4,0,6
,04|,741,349,313,17,32,14,0,3,1,1,8,0,3
,05|,647,281,277,17,47,9,1,0,0,3,6,1,5
,06|,615,307,255,7,19,12,0,0,0,1,5,0,9
SALINA,01|,534,274,205,12,17,8,1,0,1,1,6,0,9
,02|,392,212,135,14,16,6,0,0,0,1,4,0,4
,03|,576,296,209,9,26,19,0,0,2,3,8,0,4
,04|,403,231,140,10,6,4,0,1,0,4,3,0,4
,05|,436,265,134,5,7,12,0,1,1,2,6,0,3
,06|,384,250,101,11,8,4,1,0,1,2,3,0,3
,07|,521,278,186,9,11,19,0,0,1,2,6,0,9
,08|,534,262,219,9,16,9,1,0,0,2,5,0,11
,09|,275,170,79,9,4,3,0,0,1,2,4,0,3
,10|,483,288,158,9,7,9,0,0,0,0,3,0,9
,11|,294,144,118,9,8,5,0,0,0,1,4,0,5
,12|,591,314,230,16,14,8,0,0,1,4,0,0,4
,13|,485,225,209,10,22,4,1,0,1,1,10,0,2
,14|,391,183,171,7,11,6,0,0,3,2,3,0,5
,15|,377,213,127,12,12,4,1,1,0,3,3,0,1
,16|,529,282,181,10,17,19,0,0,1,7,7,0,5
,17|,444,257,136,13,16,14,1,0,0,2,0,0,5
,18|,413,246,123,10,7,11,0,0,1,2,8,2,3
,19|,495,264,170,14,10,19,0,2,1,3,7,0,5
,20|,606,353,195,12,15,12,1,0,0,3,7,0,8
,21|,413,210,147,11,19,11,1,0,1,5,3,0,5
,22|,368,199,116,17,18,9,0,0,1,2,3,0,3
,23|,466,237,181,16,8,12,0,0,0,2,3,0,7
,24|,563,330,169,17,20,12,0,1,0,6,2,0,6
,25|,507,220,221,18,17,11,1,0,1,3,5,0,10
,26|,381,203,141,7,4,6,1,0,0,1,6,0,12
,27|,321,174,105,9,8,10,0,0,1,0,7,0,7
,28|,288,144,110,7,10,9,0,0,0,2,0,0,6
,29|,532,301,177,7,15,17,0,1,0,4,7,0,3
,30|,639,332,240,20,16,9,0,1,1,5,6,0,9
,31|,494,276,172,12,10,9,1,0,1,4,3,0,6
,32|,411,268,114,6,4,8,0,0,1,2,2,1,5
,33|,441,226,160,7,20,11,0,1,0,2,5,0,9
,34|,272,152,83,10,6,9,0,0,0,1,4,0,7
,35|,430,242,154,8,12,6,0,0,0,1,2,0,5
,36|,567,304,211,12,18,9,0,1,2,2,3,1,4
SKANEATELES,01|,654,306,288,17,12,9,0,0,2,9,6,1,4
,02|,598,283,254,15,25,8,1,0,0,2,8,0,2
,03|,530,306,194,8,6,9,1,0,1,0,3,0,2
,04|,653,346,250,10,18,11,0,0,1,3,7,0,7
,05|,665,341,258,13,26,10,0,0,0,2,8,0,7
,06|,361,173,147,5,14,5,1,1,1,3,6,0,5
,07|,596,304,249,13,12,6,0,0,0,1,6,0,5
,08|,518,268,198,13,23,7,0,0,0,3,2,0,4
SPAFFORD,01|,717,359,290,14,20,6,0,0,1,8,5,0,14
,02|,313,163,113,7,8,7,0,0,1,5,3,0,6
TULLY,01|,461,234,178,10,17,9,1,0,1,4,3,0,4
,02|,580,253,247,20,24,17,0,0,1,1,8,3,6
,03|,511,245,212,15,18,7,0,0,2,2,5,0,5
VAN BUREN,01|,506,221,195,13,46,10,0,0,3,4,8,0,6
,02|,382,189,138,10,20,13,0,0,2,2,3,0,5
,03|,321,182,105,8,9,9,0,1,0,2,3,0,2
,04|,817,385,335,22,27,10,1,0,1,5,8,0,23
,05|,552,278,195,17,26,12,0,2,1,5,10,0,6
,06|,483,258,172,16,20,8,0,0,1,3,2,0,3
,07|,431,214,169,8,17,11,0,0,0,6,2,1,3
,08|,585,297,211,22,19,16,0,0,2,4,6,1,7
,09|,743,371,281,23,44,9,0,0,1,4,8,0,2
,10|,441,209,183,16,21,8,1,0,0,1,1,0,1
,11|,451,246,159,11,18,5,0,1,0,0,4,0,7
,12|,492,256,182,13,16,10,0,1,3,3,2,0,6
TOWN   TOTAL,|1,67610,86112,63811,4176,5510,3275,99,60,265,1102,1513,37,1650
GRAND  TOTAL,|2,20504,24576,73616,4963,6393,4741,135,74,399,1328,1969,45,2265
,,,,,,,,,,,,,,
PRESIDENT,District #,Vote,Obama D,McCain R,McCain IDC,McCain C,Obama WF,Calero SW,LaRiva S&L,McKinney G,Barr L,Nader Pop,Write-in,Void/Blank
,,,,,,,,,,,,,,
1ST  WARD   ,,2611,1598,733,70,46,57,2,1,2,19,27,0,56
2ND  WARD   ,,1114,738,256,26,24,29,1,1,4,2,12,0,21
3RD  WARD   ,,2589,1563,743,60,61,67,7,2,11,16,21,1,37
4TH  WARD   ,,4764,2922,1359,105,119,107,6,1,12,33,44,0,56
5TH  WARD   ,,4363,2690,1176,118,105,133,1,0,13,29,58,1,39
6TH  WARD   ,,2537,1777,543,46,36,56,2,0,13,4,23,0,37
7TH  WARD   ,,1349,829,379,26,26,37,3,0,1,10,21,0,17
8TH  WARD   ,,1639,1167,315,29,32,35,1,0,3,9,18,0,30
9TH  WARD   ,,1231,976,175,11,12,34,0,0,0,7,6,0,10
10TH WARD   ,,1227,1025,119,10,18,33,2,0,2,1,4,0,13
11TH WARD   ,,2609,1750,612,42,49,75,4,4,7,13,27,0,26
12TH WARD   ,,2060,1708,226,13,38,41,1,1,2,3,10,0,17
13TH WARD   ,,4187,3215,657,47,77,104,0,1,11,9,33,1,32
14TH WARD   ,,5376,3917,1040,67,107,110,1,0,7,15,42,1,69
15TH WARD   ,,358,303,36,4,2,6,0,0,0,0,6,0,1
16TH WARD   ,,2635,2124,286,34,25,99,0,0,10,14,9,0,34
17TH WARD   ,,7633,6188,817,52,72,303,4,2,30,27,70,3,65
18TH WARD   ,,873,811,24,3,6,20,0,0,1,0,0,0,8
19TH WARD   ,,3739,3163,309,24,28,120,1,1,5,15,25,1,47
WARD   TOTAL,,52894,38464,9805,787,883,1466,36,14,134,226,456,8,615
CAMILLUS    ,,13658,6818,5340,309,476,260,9,3,26,119,139,1,158
CICERO      ,,15168,7491,6101,424,480,314,7,2,20,85,130,1,113
CLAY        ,,28737,15227,10530,715,902,624,14,7,40,195,276,5,202
DEWITT      ,,13357,7669,4358,305,352,278,8,6,26,69,108,3,175
ELBRIDGE    ,,2821,1285,1142,86,120,79,3,0,2,21,43,0,40
FABIUS      ,,1077,508,455,30,44,12,1,0,1,4,2,5,15
GEDDES      ,,9374,4805,3592,239,250,189,12,11,13,55,91,1,116
LAFAYETTE   ,,2798,1222,1213,88,137,51,0,1,7,26,27,0,26
LYSANDER    ,,11188,5334,4721,287,386,193,3,2,15,98,74,3,72
MANLIUS     ,,18793,9937,7080,415,583,299,14,3,27,123,128,3,181
MARCELLUS   ,,3645,1833,1417,99,128,75,0,1,8,16,34,0,34
ONONDAGA    ,,12031,6056,4604,313,462,228,9,4,23,86,125,4,117
OTISCO      ,,1383,559,651,39,60,27,1,0,3,14,16,0,13
POMPEY      ,,3963,1856,1677,94,169,61,1,4,5,20,35,1,40
SALINA      ,,16256,8825,5727,394,455,353,11,10,24,89,158,4,206
SKANEATELES ,,4575,2327,1838,94,136,65,3,1,5,23,46,1,36
SPAFFORD    ,,1030,522,403,21,28,13,0,0,2,13,8,0,20
TULLY       ,,1552,732,637,45,59,33,1,0,4,7,16,3,15
VAN BUREN   ,,6204,3106,2325,179,283,121,2,5,14,39,57,2,71
TOWN   TOTAL,,167610,86112,63811,4176,5510,3275,99,60,265,1102,1513,37,1650
GRAND  TOTAL,,220504,124576,73616,4963,6393,4741,135,74,399,1328,1969,45,2265
ç                                                                                                                                    ,,,,,,,,,,,,,,
CONGRESS,District #,Voted,Maffei D,Sweetland R,Sweetland C,Maffei WF,Hawkins Pop,Write-in,Voids/Blanks,,,,,
,,,,,,,,,,,,,,
1ST WARD,01|,398,219,119,13,17,10,0,20,,,,,
,02|,305,164,73,6,11,15,0,36,,,,,
,03|,375,223,73,9,12,14,0,44,,,,,
,04|,389,214,86,9,14,20,0,46,,,,,
,05|,274,162,58,9,7,12,0,26,,,,,
,06|,265,149,36,5,11,15,0,49,,,,,
,07|,300,164,76,5,12,19,0,24,,,,,
,08|,303,176,69,7,8,18,0,25,,,,,
2ND WARD,01|,330,178,72,6,15,19,0,40,,,,,
,02|,426,255,88,14,10,17,0,42,,,,,
,03|,358,216,59,12,10,25,0,36,,,,,
3RD WARD,01|,106,50,24,2,1,9,0,20,,,,,
,02|,370,217,67,7,15,8,0,56,,,,,
,03|,489,272,122,15,18,23,0,39,,,,,
,04|,370,206,55,7,24,17,0,61,,,,,
,05|,368,186,104,8,23,16,0,31,,,,,
,06|,425,242,85,15,17,27,0,39,,,,,
,07|,460,249,116,14,19,27,0,35,,,,,
4TH WARD,01|,416,241,71,19,14,29,0,42,,,,,
,02|,420,225,97,21,18,22,0,37,,,,,
,03|,509,258,164,14,12,18,0,43,,,,,
,04|,416,182,155,12,8,19,0,40,,,,,
,05|,533,266,174,18,14,30,0,31,,,,,
,06|,394,215,116,12,12,19,0,20,,,,,
,07|,417,210,121,15,8,38,0,25,,,,,
,08|,567,329,106,18,21,29,0,64,,,,,
,09|,420,233,90,10,20,31,0,36,,,,,
,10|,381,213,94,10,15,18,0,31,,,,,
,11|,290,182,58,6,9,10,0,25,,,,,
5TH WARD,01|,606,347,122,13,26,48,0,50,,,,,
,02|,321,165,101,11,8,12,0,24,,,,,
,04|,491,275,121,22,17,32,0,24,,,,,
,05|,393,217,99,8,14,26,0,29,,,,,
,06|,516,298,118,16,19,28,0,37,,,,,
,07|,509,264,137,26,17,32,0,33,,,,,
,08|,0,0,0,0,0,0,0,0,,,,,
,09|,460,228,135,23,16,28,0,30,,,,,
,10|,564,310,136,15,20,32,0,51,,,,,
,11|,500,297,131,10,8,23,0,31,,,,,
6TH WARD,01|,461,308,67,6,16,27,0,37,,,,,
,02|,480,312,85,5,13,23,0,42,,,,,
,03|,367,218,64,11,14,11,1,48,,,,,
,04|,189,109,42,2,4,11,0,21,,,,,
,05|,398,218,110,17,13,12,0,28,,,,,
,06|,269,159,49,4,7,13,0,37,,,,,
,07|,370,209,71,12,15,20,0,43,,,,,
7TH WARD,01|,312,154,92,5,9,20,0,32,,,,,
,02|,395,199,105,14,13,32,0,32,,,,,
,03|,363,188,109,8,9,24,0,25,,,,,
,04|,277,136,79,14,4,22,0,22,,,,,
8TH WARD,01|,345,244,12,0,12,6,0,71,,,,,
,02|,446,247,115,19,12,25,0,28,,,,,
,03|,216,151,21,5,7,8,0,24,,,,,
,04|,174,96,33,5,6,11,0,23,,,,,
,05|,458,262,110,12,13,38,0,23,,,,,
9TH WARD,01|,310,186,55,9,5,15,0,40,,,,,
,02|,432,260,77,8,14,17,0,56,,,,,
,03|,41,27,7,0,0,4,0,3,,,,,
,05|,448,319,9,1,21,3,0,95,,,,,
10TH WARD,01|,237,167,28,6,5,9,0,22,,,,,
,02|,27,16,1,0,0,6,0,4,,,,,
,03|,400,259,27,6,21,14,0,73,,,,,
,04|,292,233,12,4,7,11,0,25,,,,,
,05|,271,166,32,7,4,19,0,43,,,,,
11TH WARD,01|,282,181,29,8,11,18,0,35,,,,,
,02|,339,206,54,8,18,16,0,37,,,,,
,03|,432,267,80,8,20,19,0,38,,,,,
,04|,371,207,105,9,4,30,0,16,,,,,
,05|,227,153,24,2,14,7,0,27,,,,,
,06|,91,56,15,5,3,8,0,4,,,,,
,07|,428,172,196,13,4,18,0,25,,,,,
,08|,438,233,135,11,9,36,0,14,,,,,
12TH WARD,01|,514,412,11,2,18,11,0,60,,,,,
,02|,276,230,7,1,5,4,0,29,,,,,
,03|,43,27,9,2,2,1,0,2,,,,,
,04|,458,320,57,3,14,18,0,46,,,,,
,05|,329,204,55,20,11,23,0,16,,,,,
,06|,438,255,110,13,10,33,0,17,,,,,
13TH WARD,01|,588,446,41,1,14,19,0,67,,,,,
,02|,306,217,28,5,11,18,0,27,,,,,
,03|,515,284,126,13,22,40,0,30,,,,,
,04|,426,252,86,14,17,30,0,27,,,,,
,05|,590,392,89,16,21,27,1,44,,,,,
,06|,576,457,20,5,15,18,0,61,,,,,
,07|,71,43,15,0,1,4,0,8,,,,,
,08|,297,182,59,9,11,13,0,23,,,,,
,09|,365,197,94,11,12,25,0,26,,,,,
,10|,452,279,84,20,13,22,0,34,,,,,
14TH WARD,01|,378,306,15,3,13,14,0,27,,,,,
,02|,335,269,24,1,4,10,0,27,,,,,
,03|,544,420,38,10,17,18,0,41,,,,,
,04|,472,330,54,7,11,21,0,49,,,,,
,05|,232,131,68,6,6,9,0,12,,,,,
,06|,532,290,137,20,15,35,0,35,,,,,
,07|,513,238,188,26,14,17,0,30,,,,,
,08|,412,285,39,9,16,18,0,45,,,,,
,09|,399,209,116,10,5,15,0,44,,,,,
,10|,357,231,49,11,9,18,0,39,,,,,
,11|,551,310,137,27,24,25,0,28,,,,,
,12|,452,253,115,17,7,11,0,49,,,,,
,13|,195,124,29,2,7,7,0,26,,,,,
15TH WARD,02|,66,45,4,1,1,4,0,11,,,,,
,03|,180,103,30,4,5,13,0,25,,,,,
,04|,111,82,3,0,5,4,0,17,,,,,
16TH WARD,01|,886,512,90,8,25,26,0,225,,,,,
,02|,227,129,25,6,11,30,0,26,,,,,
,03|,314,210,31,3,23,27,2,18,,,,,
,04|,706,384,71,7,7,29,0,208,,,,,
,05|,490,349,49,2,29,33,0,28,,,,,
17TH WARD,01|,439,296,44,12,33,48,0,6,,,,,
,02|,457,316,53,7,15,46,1,19,,,,,
,03|,401,253,32,4,30,45,0,37,,,,,
,04|,419,291,24,3,28,46,0,27,,,,,
,05|,374,242,24,1,31,40,0,36,,,,,
,06|,409,363,13,0,3,7,0,23,,,,,
,07|,591,436,52,7,23,27,0,46,,,,,
,08|,396,295,41,7,13,11,1,28,,,,,
,09|,532,387,78,5,26,24,0,12,,,,,
,10|,518,410,41,1,8,14,0,44,,,,,
,11|,357,290,20,5,10,5,0,27,,,,,
,12|,455,298,66,7,14,54,0,16,,,,,
,13|,484,310,100,10,15,21,0,28,,,,,
,14|,473,366,40,1,17,15,0,34,,,,,
,15|,613,382,142,20,15,33,0,21,,,,,
,16|,395,270,55,10,12,19,0,29,,,,,
,17|,301,194,51,1,9,15,0,31,,,,,
,18|,10,8,1,0,0,0,0,1,,,,,
18TH WARD,01|,359,290,6,1,4,6,0,52,,,,,
,02|,514,403,16,7,20,14,0,54,,,,,
19TH WARD,01|,444,375,13,3,10,9,0,34,,,,,
,02|,405,317,18,3,13,12,0,42,,,,,
,03|,863,564,113,12,14,36,0,124,,,,,
,04|,373,289,13,1,7,7,0,56,,,,,
,05|,492,372,20,6,21,13,0,60,,,,,
,06|,541,348,47,5,32,48,0,61,,,,,
,07|,348,222,55,7,19,39,0,6,,,,,
,08|,266,162,46,6,16,25,0,11,,,,,
WARD,|,52845,32971,9205,1173,1776,2757,6,4957,,,,,
,,,,,,,,,,,,,,
CONGRESS,District #,Voted,Maffei D,Sweetland R,Sweetland C,Maffei WF,Hawkins Pop,Write-in,Voids/Blanks,,,,,
,,,,,,,,,,,,,,
CAMILLUS,01|,664,256,289,34,16,23,0,46,,,,,
,02|,790,381,272,31,24,24,0,58,,,,,
,03|,283,141,97,3,4,9,0,29,,,,,
,04|,595,281,205,31,11,24,0,43,,,,,
,05|,621,289,238,23,11,26,0,34,,,,,
,06|,432,206,140,23,15,17,0,31,,,,,
,07|,1020,383,454,57,25,33,0,68,,,,,
,08|,292,123,118,14,7,6,0,24,,,,,
,09|,503,239,175,21,16,16,0,36,,,,,
,10|,513,241,186,14,13,25,0,34,,,,,
,11|,551,253,197,24,16,20,0,41,,,,,
,12|,336,166,112,10,9,9,0,30,,,,,
,13|,581,264,182,26,19,29,0,61,,,,,
,14|,459,171,223,24,6,9,0,26,,,,,
,15|,578,249,239,25,16,12,0,37,,,,,
,16|,614,280,218,23,25,26,2,40,,,,,
,17|,424,174,162,25,17,20,0,26,,,,,
,18|,527,220,209,23,13,10,0,52,,,,,
,19|,470,177,224,23,3,19,0,24,,,,,
,20|,503,215,168,36,17,18,0,49,,,,,
,21|,345,159,115,13,12,15,0,31,,,,,
,22|,385,186,144,14,10,14,0,17,,,,,
,23|,434,169,190,21,15,12,0,27,,,,,
,24|,548,214,240,21,10,13,0,50,,,,,
,25|,430,213,137,13,19,14,0,34,,,,,
,26|,750,329,296,28,20,26,1,50,,,,,
CICERO,01|,314,129,114,18,15,8,0,30,,,,,
,02|,647,263,255,39,23,16,0,51,,,,,
,03|,559,269,185,23,14,20,0,48,,,,,
,04|,762,327,260,30,30,30,0,85,,,,,
,05|,506,242,149,21,23,16,0,55,,,,,
,06|,386,172,129,19,20,15,0,31,,,,,
,07|,625,237,256,28,22,17,0,65,,,,,
,08|,566,224,244,16,18,17,0,47,,,,,
,09|,302,150,92,17,12,7,0,24,,,,,
,10|,470,205,183,18,14,22,0,28,,,,,
,11|,430,177,169,12,7,18,0,47,,,,,
,12|,675,318,239,29,19,15,0,55,,,,,
,13|,607,291,200,22,20,15,0,59,,,,,
,14|,565,265,199,21,16,12,0,52,,,,,
,15|,359,155,140,15,12,8,0,29,,,,,
,16|,1087,472,450,45,30,19,0,71,,,,,
,17|,573,267,195,26,27,11,0,47,,,,,
,18|,247,126,82,11,4,13,0,11,,,,,
,19|,605,290,211,24,17,18,0,45,,,,,
,20|,365,164,143,17,8,11,0,22,,,,,
,21|,637,243,257,50,21,10,0,56,,,,,
,22|,244,117,79,11,13,15,0,9,,,,,
,23|,564,249,211,22,12,13,0,57,,,,,
,24|,658,299,242,27,17,11,0,62,,,,,
,25|,599,283,217,21,16,13,0,49,,,,,
,26|,640,297,235,27,13,12,0,56,,,,,
,27|,510,264,161,22,15,9,0,39,,,,,
,28|,662,326,224,29,18,18,0,47,,,,,
CLAY,01|,616,226,260,35,20,28,0,47,,,,,
,02|,501,254,138,25,33,14,0,37,,,,,
,03|,651,317,200,33,23,22,0,56,,,,,
,04|,656,321,219,34,16,15,0,51,,,,,
,05|,286,151,89,10,3,7,0,26,,,,,
,06|,397,185,123,20,23,9,0,37,,,,,
,07|,540,243,213,28,6,8,0,42,,,,,
,08|,373,177,135,15,12,10,0,24,,,,,
,09|,395,197,122,20,20,11,0,25,,,,,
,10|,468,218,141,18,25,18,0,48,,,,,
,11|,506,250,136,18,23,19,0,60,,,,,
,12|,661,263,254,24,16,25,0,79,,,,,
,13|,434,217,140,22,15,13,0,27,,,,,
,14|,599,272,234,24,14,19,0,36,,,,,
,15|,959,569,182,28,34,28,0,118,,,,,
,16|,508,227,193,24,9,18,0,37,,,,,
,17|,456,199,177,16,23,15,0,26,,,,,
,18|,585,279,221,20,13,15,0,37,,,,,
,19|,491,206,190,28,17,16,0,34,,,,,
,20|,426,167,164,23,25,9,0,38,,,,,
,21|,572,273,209,23,10,14,0,43,,,,,
,22|,554,256,208,16,11,23,0,40,,,,,
,23|,487,244,149,26,18,12,0,38,,,,,
,24|,310,149,89,10,9,10,0,43,,,,,
,25|,452,230,131,22,16,14,0,39,,,,,
,26|,605,276,219,24,16,28,0,42,,,,,
,27|,600,203,262,28,24,24,0,59,,,,,
,28|,545,282,162,20,19,13,0,49,,,,,
,29|,569,240,224,28,21,15,0,41,,,,,
,30|,374,167,121,24,10,12,0,40,,,,,
,31|,442,198,170,14,13,19,0,28,,,,,
,32|,577,250,252,18,6,6,0,45,,,,,
,33|,704,347,222,23,31,22,0,59,,,,,
,34|,657,323,214,29,18,16,0,57,,,,,
,35|,588,287,209,24,16,12,0,40,,,,,
,36|,437,226,143,12,8,14,0,34,,,,,
,37|,379,141,156,24,17,13,0,28,,,,,
,38|,493,256,147,13,11,20,0,46,,,,,
,39|,915,483,249,20,53,25,0,85,,,,,
,40|,407,188,143,21,11,15,0,29,,,,,
,41|,359,180,111,11,10,14,0,33,,,,,
,42|,631,322,202,28,15,18,0,46,,,,,
,43|,706,358,218,29,16,26,0,59,,,,,
,44|,762,360,263,35,19,20,0,65,,,,,
,45|,557,248,193,25,24,19,0,48,,,,,
,46|,723,314,289,35,26,9,0,50,,,,,
,47|,679,349,226,25,15,14,0,50,,,,,
,48|,605,313,184,15,20,21,0,52,,,,,
,49|,751,318,315,25,13,22,0,58,,,,,
,50|,927,439,305,37,26,23,1,96,,,,,
,51|,844,375,316,30,19,17,0,87,,,,,
DEWITT,01|,533,234,207,36,7,20,0,29,,,,,
,02|,683,378,203,21,16,25,0,40,,,,,
,03|,554,309,174,21,11,16,0,23,,,,,
,04|,598,293,228,23,9,20,0,25,,,,,
,05|,594,314,183,16,11,34,0,36,,,,,
,06|,607,293,255,7,15,10,0,27,,,,,
,07|,393,183,114,18,13,21,0,44,,,,,
,08|,374,163,140,17,11,11,0,32,,,,,
,09|,380,189,98,21,17,17,0,38,,,,,
,10|,587,304,203,26,13,11,0,30,,,,,
,11|,424,188,154,13,13,16,1,39,,,,,
,12|,499,206,197,23,22,15,0,36,,,,,
,13|,356,181,102,13,8,20,0,32,,,,,
,14|,395,236,71,10,15,14,0,49,,,,,
,15|,456,204,193,11,17,10,0,21,,,,,
,16|,344,181,114,9,4,12,0,24,,,,,
,17|,206,117,49,10,8,9,0,13,,,,,
,18|,444,218,155,15,8,23,0,25,,,,,
,19|,633,280,258,21,15,12,0,47,,,,,
,20|,585,259,207,33,22,18,0,46,,,,,
,21|,682,362,199,19,35,17,0,50,,,,,
,22|,403,250,77,10,8,22,0,36,,,,,
,23|,746,348,311,20,19,18,0,30,,,,,
,24|,560,339,148,14,12,16,0,31,,,,,
,25|,474,256,120,18,17,20,0,43,,,,,
,26|,442,223,148,16,7,18,0,30,,,,,
,27|,393,168,185,10,6,8,0,16,,,,,
ELBRIDGE,01|,525,195,206,31,25,24,0,44,,,,,
,02|,475,191,167,33,16,25,0,43,,,,,
,03|,639,221,254,39,29,42,0,54,,,,,
,04|,288,105,122,17,10,12,1,21,,,,,
,05|,440,160,183,28,18,16,0,35,,,,,
,06|,454,195,183,16,13,17,0,30,,,,,
FABIUS,01|,667,139,448,46,4,14,0,16,,,,,
,02|,410,110,230,36,3,16,0,15,,,,,
GEDDES,01|,384,199,114,19,9,11,0,32,,,,,
,02|,325,149,101,12,16,15,0,32,,,,,
,03|,338,168,114,13,8,8,0,27,,,,,
,04|,316,152,109,10,7,9,0,29,,,,,
,05|,615,274,215,17,15,29,0,65,,,,,
,06|,551,258,180,14,17,28,0,54,,,,,
,07|,522,238,200,11,13,21,0,39,,,,,
,08|,641,319,221,22,8,27,0,44,,,,,
,09|,234,111,72,9,8,13,0,21,,,,,
,10|,472,234,168,13,16,17,0,24,,,,,
,11|,452,195,194,13,10,21,0,19,,,,,
,12|,464,205,165,17,5,18,0,54,,,,,
,13|,384,180,135,12,12,12,0,33,,,,,
,14|,405,215,111,14,8,14,0,43,,,,,
,15|,621,288,235,22,13,25,0,38,,,,,
,16|,435,197,169,17,12,18,0,22,,,,,
,17|,641,276,238,21,32,14,0,60,,,,,
,18|,399,158,169,23,14,11,0,24,,,,,
,19|,222,112,57,13,12,10,0,18,,,,,
,20|,504,226,171,20,22,24,0,41,,,,,
,21|,448,178,192,20,15,15,0,28,,,,,
LAFAYETTE,01|,364,102,172,35,7,18,0,30,,,,,
,02|,667,176,359,51,14,23,0,44,,,,,
,03|,664,226,302,36,18,24,0,58,,,,,
,04|,542,168,268,42,16,17,0,31,,,,,
,05|,559,202,253,28,13,26,0,37,,,,,
LYSANDER,01|,587,208,243,39,13,29,0,55,,,,,
,02|,474,166,197,35,18,18,0,40,,,,,
,03|,524,185,212,31,19,33,0,44,,,,,
,04|,390,167,154,24,10,15,0,20,,,,,
,05|,424,172,161,17,16,17,0,41,,,,,
,06|,424,162,185,18,6,18,0,35,,,,,
,07|,433,188,158,13,17,8,0,49,,,,,
,08|,845,328,368,48,27,21,0,53,,,,,
,09|,567,228,225,32,14,19,0,49,,,,,
,10|,342,156,130,15,11,14,0,16,,,,,
,11|,443,176,189,23,11,15,0,29,,,,,
,12|,618,270,228,32,20,19,0,49,,,,,
,13|,755,304,321,31,14,26,0,59,,,,,
,14|,380,166,163,9,6,13,1,22,,,,,
,15|,542,208,256,21,10,11,0,36,,,,,
,16|,583,219,257,24,13,17,0,53,,,,,
,17|,466,220,149,9,14,14,0,60,,,,,
,18|,552,225,231,27,9,23,0,37,,,,,
,19|,907,355,400,27,25,20,0,80,,,,,
,20|,930,367,427,48,14,13,0,61,,,,,
MANLIUS,01|,583,222,201,44,21,36,0,59,,,,,
,02|,671,275,252,21,21,31,0,71,,,,,
,03|,527,218,221,18,8,17,0,45,,,,,
,04|,495,247,187,10,6,14,0,31,,,,,
,05|,428,204,146,24,8,21,0,25,,,,,
,06|,324,151,131,8,6,4,0,24,,,,,
,07|,531,238,191,33,7,31,0,31,,,,,
,08|,571,269,223,21,15,16,0,27,,,,,
,09|,569,244,217,24,24,15,0,45,,,,,
,10|,738,325,268,39,20,25,0,61,,,,,
,11|,483,206,220,14,5,12,1,25,,,,,
,12|,641,286,267,21,17,15,0,35,,,,,
,13|,344,145,137,17,8,8,0,29,,,,,
,14|,571,239,235,20,7,16,0,54,,,,,
,15|,432,158,188,21,11,14,1,39,,,,,
,16|,619,298,203,19,17,24,0,58,,,,,
,17|,578,259,255,25,12,9,1,17,,,,,
,18|,611,244,262,28,5,26,0,46,,,,,
,19|,350,152,123,11,13,13,0,38,,,,,
,20|,459,249,160,12,9,9,0,20,,,,,
,21|,525,276,165,19,11,21,0,33,,,,,
,22|,680,330,253,26,13,13,0,45,,,,,
,23|,445,218,160,15,9,10,0,33,,,,,
,24|,645,259,267,34,15,20,0,50,,,,,
,25|,652,293,283,23,7,12,0,34,,,,,
,26|,664,310,273,18,9,21,0,33,,,,,
,27|,506,211,219,21,7,15,0,33,,,,,
,28|,463,186,194,26,19,10,0,28,,,,,
,29|,375,165,156,11,10,11,0,22,,,,,
,30|,448,165,220,22,7,8,0,26,,,,,
,31|,685,291,309,26,12,11,0,36,,,,,
,32|,422,194,163,16,3,13,0,33,,,,,
,33|,569,265,231,13,10,18,0,32,,,,,
,34|,592,286,239,18,5,15,0,29,,,,,
,35|,588,211,306,23,4,13,0,31,,,,,
MARCELLUS,01|,530,252,188,20,13,28,0,29,,,,,
,02|,521,156,260,31,17,25,0,32,,,,,
,03|,545,203,236,24,17,25,1,39,,,,,
,04|,652,284,253,36,25,23,0,31,,,,,
,05|,684,260,282,37,14,32,0,59,,,,,
,06|,713,298,286,34,23,23,0,49,,,,,
ONONDAGA,01|,514,151,260,29,20,27,0,27,,,,,
,02|,731,315,293,18,20,30,1,54,,,,,
,03|,662,264,302,28,8,25,0,35,,,,,
,04|,600,272,211,23,24,21,0,49,,,,,
,05|,743,359,252,32,17,28,1,54,,,,,
,06|,507,191,205,29,9,30,0,43,,,,,
,07|,296,92,136,23,10,16,0,19,,,,,
,08|,382,208,99,16,12,16,0,31,,,,,
,09|,726,282,307,38,19,26,0,54,,,,,
,10|,552,161,248,39,20,41,0,43,,,,,
,11|,574,230,246,28,14,23,0,33,,,,,
,12|,523,223,214,22,12,23,0,29,,,,,
,13|,715,294,311,34,8,39,0,29,,,,,
,14|,674,280,254,28,17,30,0,65,,,,,
,15|,374,182,133,16,8,16,0,19,,,,,
,16|,667,324,239,28,9,28,0,39,,,,,
,17|,837,290,404,43,19,21,0,60,,,,,
,18|,584,248,239,31,12,21,0,33,,,,,
,19|,406,143,172,31,14,23,0,23,,,,,
,20|,367,139,140,35,11,12,0,30,,,,,
,21|,594,249,247,37,15,27,0,19,,,,,
OTISCO,01|,828,222,443,66,18,41,0,38,,,,,
,02|,553,202,251,26,17,29,0,28,,,,,
POMPEY,01|,693,145,457,44,2,20,0,25,,,,,
,02|,567,176,298,30,14,21,0,28,,,,,
,03|,700,271,325,35,6,23,1,39,,,,,
,04|,741,265,342,49,13,22,0,50,,,,,
,05|,647,179,345,58,10,18,0,37,,,,,
,06|,615,208,311,28,10,21,0,37,,,,,
SALINA,01|,534,247,195,21,12,18,0,41,,,,,
,02|,392,189,130,21,11,10,0,31,,,,,
,03|,576,257,224,30,22,20,0,23,,,,,
,04|,403,184,153,11,8,21,0,26,,,,,
,05|,436,207,149,9,17,16,0,38,,,,,
,06|,384,214,87,11,17,10,0,45,,,,,
,07|,519,264,146,15,20,20,0,54,,,,,
,08|,534,255,180,23,18,16,0,42,,,,,
,09|,275,150,63,7,9,13,0,33,,,,,
,10|,483,255,144,12,13,7,0,52,,,,,
,11|,294,148,99,19,4,5,0,19,,,,,
,12|,591,292,215,19,15,9,0,41,,,,,
,13|,485,218,183,25,9,16,0,34,,,,,
,14|,391,147,173,16,12,7,0,36,,,,,
,15|,377,201,107,18,13,11,0,27,,,,,
,16|,529,240,155,25,22,31,0,56,,,,,
,17|,444,234,113,15,18,22,0,42,,,,,
,18|,413,218,111,12,20,16,0,36,,,,,
,19|,494,238,151,15,25,20,0,45,,,,,
,20|,606,327,160,21,24,20,0,54,,,,,
,21|,413,175,138,24,22,17,0,37,,,,,
,22|,368,179,94,24,19,15,0,37,,,,,
,23|,466,229,154,14,9,14,0,46,,,,,
,24|,561,266,173,30,18,18,0,56,,,,,
,25|,507,218,192,24,16,8,0,49,,,,,
,26|,381,199,116,6,8,8,0,44,,,,,
,27|,321,160,85,15,14,10,0,37,,,,,
,28|,288,135,90,16,9,8,0,30,,,,,
,29|,532,268,157,23,16,16,0,52,,,,,
,30|,639,307,222,21,26,10,0,53,,,,,
,31|,494,250,155,18,17,12,0,42,,,,,
,32|,411,212,120,9,7,11,0,52,,,,,
,33|,441,201,152,21,21,14,0,32,,,,,
,34|,272,150,61,8,12,11,0,30,,,,,
,35|,430,210,157,14,9,10,0,30,,,,,
,36|,567,257,211,14,14,20,1,50,,,,,
SKANEATELES,01|,654,221,334,22,8,14,0,55,,,,,
,02|,598,227,268,31,16,10,0,46,,,,,
,03|,528,237,198,10,9,20,0,54,,,,,
,04|,653,253,295,23,12,24,0,46,,,,,
,05|,665,261,269,38,17,27,0,53,,,,,
,06|,361,138,145,14,11,17,1,35,,,,,
,07|,596,247,271,16,11,13,0,38,,,,,
,08|,518,204,234,25,10,11,0,34,,,,,
SPAFFORD,01|,717,252,356,28,8,33,0,40,,,,,
,02|,313,119,130,17,3,19,0,25,,,,,
TULLY,01|,461,145,221,30,11,25,0,29,,,,,
,02|,579,160,313,34,12,34,0,26,,,,,
,03|,510,179,241,27,9,23,0,31,,,,,
VAN BUREN,01|,506,176,202,52,12,25,0,39,,,,,
,02|,382,163,124,31,13,12,0,39,,,,,
,03|,321,149,91,12,18,21,0,30,,,,,
,04|,817,328,325,40,20,25,0,79,,,,,
,05|,552,231,197,27,12,33,0,52,,,,,
,06|,483,234,141,21,18,20,0,49,,,,,
,07|,431,197,158,15,8,22,0,31,,,,,
,08|,585,263,199,26,19,23,0,55,,,,,
,09|,743,302,261,49,22,31,0,78,,,,,
,10|,441,189,160,26,12,21,0,33,,,,,
,11|,451,206,152,19,13,20,0,41,,,,,
,12|,492,217,164,20,14,23,0,54,,,,,
TOWN TOTAL,|,167538,73507,63585,7349,4602,5674,16,12805,,,,,
GRAND TOTAL,|,220383,106478,72790,8522,6378,8431,22,17762,,,,,
,,,,,,,,,,,,,,
CONGRESS,District #,Voted,Maffei D,Sweetland R,Sweetland C,Maffei WF,Hawkins Pop,Write-in,Voids/Blanks,,,,,
,,,,,,,,,,,,,,
1ST  WARD   ,,2609,1471,590,63,92,123,0,270,,,,,
2ND  WARD   ,,1114,649,219,32,35,61,0,118,,,,,
3RD  WARD   ,,2588,1422,573,68,117,127,0,281,,,,,
4TH  WARD   ,,4763,2554,1246,155,151,263,0,394,,,,,
5TH  WARD   ,,4360,2401,1100,144,145,261,0,309,,,,,
6TH  WARD   ,,2534,1533,488,57,82,117,1,256,,,,,
7TH  WARD   ,,1347,677,385,41,35,98,0,111,,,,,
8TH  WARD   ,,1639,1000,291,41,50,88,0,169,,,,,
9TH  WARD   ,,1231,792,148,18,40,39,0,194,,,,,
10TH WARD   ,,1227,841,100,23,37,59,0,167,,,,,
11TH WARD   ,,2608,1475,638,64,83,152,0,196,,,,,
12TH WARD   ,,2058,1448,249,41,60,90,0,170,,,,,
13TH WARD   ,,4186,2749,642,94,137,216,1,347,,,,,
14TH WARD   ,,5372,3396,1009,149,148,218,0,452,,,,,
15TH WARD   ,,357,230,37,5,11,21,0,53,,,,,
16TH WARD   ,,2623,1584,266,26,95,145,2,505,,,,,
17TH WARD   ,,7624,5407,877,101,302,470,2,465,,,,,
18TH WARD   ,,873,693,22,8,24,20,0,106,,,,,
19TH WARD   ,,3732,2649,325,43,132,189,0,394,,,,,
WARD   TOTAL,,52845,32971,9205,1173,1776,2757,6,4957,,,,,
CAMILLUS    ,,13648,5979,5230,600,369,469,3,998,,,,,
CICERO      ,,15164,6821,5521,660,476,409,0,1277,,,,,
CLAY        ,,28719,13533,9832,1179,911,849,1,2414,,,,,
DEWITT      ,,13345,6676,4493,471,359,453,1,892,,,,,
ELBRIDGE    ,,2821,1067,1115,164,111,136,1,227,,,,,
FABIUS      ,,1077,249,678,82,7,30,0,31,,,,,
GEDDES      ,,9373,4332,3330,332,272,360,0,747,,,,,
LAFAYETTE   ,,2796,874,1354,192,68,108,0,200,,,,,
LYSANDER    ,,11186,4470,4654,523,287,363,1,888,,,,,
MANLIUS     ,,18784,8289,7525,741,381,567,3,1278,,,,,
MARCELLUS   ,,3645,1453,1505,182,109,156,1,239,,,,,
ONONDAGA    ,,12028,4897,4912,608,298,523,2,788,,,,,
OTISCO      ,,1381,424,694,92,35,70,0,66,,,,,
POMPEY      ,,3963,1244,2078,244,55,125,1,216,,,,,
SALINA      ,,16251,7901,5215,626,546,510,1,1452,,,,,
SKANEATELES ,,4573,1788,2014,179,94,136,1,361,,,,,
SPAFFORD    ,,1030,371,486,45,11,52,0,65,,,,,
TULLY       ,,1550,484,775,91,32,82,0,86,,,,,
VAN BUREN   ,,6204,2655,2174,338,181,276,0,580,,,,,
TOWN   TOTAL,,167538,73507,63585,7349,4602,5674,16,12805,,,,,
GRAND  TOTAL,,220383,106478,72790,8522,6378,8431,22,17762,,,,,
ç                                                                                                                                    ,,,,,,,,,,,,,,
STATE SENATE 49,District #,Voted,Valesky D,DiStefano R,DiStefano IDC,DiStefano C,Valesky WF,Write in,Voids/Blanks,,,,,
,,,,,,,,,,,,,,
5TH  WARD,01|,600,366,93,27,15,34,3,62,,,,,
,02|,321,159,90,7,13,9,0,43,,,,,
,05|,392,213,96,5,12,18,0,48,,,,,
,08|,0,0,0,0,0,0,0,0,,,,,
6TH  WARD,01|,459,296,61,8,9,18,0,67,,,,,
,02|,477,304,68,10,7,16,0,72,,,,,
,05|,397,219,102,8,11,14,0,43,,,,,
,06|,269,125,69,7,4,10,0,54,,,,,
,07|,370,206,70,8,9,21,0,56,,,,,
8TH  WARD,01|,345,220,13,4,4,9,0,95,,,,,
9TH  WARD,01|,309,190,47,4,6,6,0,56,,,,,
,05|,448,270,9,4,3,12,0,150,,,,,
10TH WARD,02|,27,22,0,0,0,0,0,5,,,,,
,03|,399,239,24,5,3,15,0,113,,,,,
,04|,291,216,6,1,6,8,0,54,,,,,
,05|,268,161,29,2,4,3,0,69,,,,,
12TH WARD,01|,513,367,14,3,1,13,0,115,,,,,
,02|,276,217,4,1,3,6,0,45,,,,,
,03|,43,29,7,0,2,0,0,5,,,,,
,04|,455,297,49,2,2,16,0,89,,,,,
13TH WARD,01|,588,405,33,9,3,11,0,127,,,,,
,06|,576,406,24,3,4,12,0,127,,,,,
14TH WARD,01|,377,286,11,3,3,8,0,66,,,,,
,02|,335,253,19,2,1,6,0,54,,,,,
,03|,544,393,40,3,12,9,0,87,,,,,
,04|,471,308,48,9,6,11,0,89,,,,,
,05|,232,122,63,4,7,9,0,27,,,,,
,08|,412,271,33,9,5,10,0,84,,,,,
,10|,356,206,46,5,12,12,0,75,,,,,
,12|,452,256,97,3,11,10,0,75,,,,,
,13|,195,117,21,2,3,10,0,42,,,,,
15TH WARD,02|,66,42,4,1,1,6,0,12,,,,,
,03|,180,94,36,3,1,3,0,43,,,,,
,04|,111,73,2,0,1,2,0,33,,,,,
16TH WARD,01|,874,459,92,8,4,25,0,286,,,,,
,02|,218,137,20,1,6,14,0,40,,,,,
,03|,309,214,29,3,4,27,0,32,,,,,
,04|,703,357,71,11,5,12,0,247,,,,,
,05|,480,341,46,4,3,40,0,46,,,,,
17TH WARD,01|,429,299,44,7,9,37,0,33,,,,,
,02|,454,328,45,7,7,27,1,39,,,,,
,03|,392,269,24,8,2,40,0,49,,,,,
,04|,414,294,25,1,6,35,0,53,,,,,
,05|,373,231,20,2,3,44,0,73,,,,,
,06|,409,344,10,1,0,9,0,45,,,,,
,07|,581,413,51,6,7,24,0,80,,,,,
,08|,396,277,47,3,5,14,0,50,,,,,
,09|,530,389,71,7,3,31,0,29,,,,,
,10|,516,396,33,4,1,9,0,73,,,,,
,11|,354,275,21,5,4,7,0,42,,,,,
,12|,454,333,52,7,4,29,0,29,,,,,
,13|,477,322,83,5,9,19,0,39,,,,,
,14|,472,351,32,3,4,16,0,66,,,,,
,15|,607,425,104,6,17,23,0,32,,,,,
,16|,391,250,59,2,7,21,0,52,,,,,
,17|,297,193,42,5,2,11,0,44,,,,,
,18|,10,5,1,0,0,0,0,4,,,,,
18TH WARD,01|,359,256,4,2,3,1,0,93,,,,,
,02|,514,379,16,2,6,19,0,92,,,,,
19TH WARD,01|,444,330,15,0,4,9,0,86,,,,,
,02|,402,283,16,4,2,12,0,85,,,,,
,03|,859,550,99,13,9,25,0,163,,,,,
,04|,373,254,9,0,0,3,0,107,,,,,
,05|,488,337,23,3,5,18,0,102,,,,,
,06|,540,346,38,8,6,34,0,108,,,,,
,07|,341,241,37,5,6,30,0,22,,,,,
,08|,263,177,36,2,5,19,0,24,,,,,
WARD   TOTAL,|,26277,17403,2643,307,342,1031,4,4547,,,,,
,,,,,,,,,,,,,,
STATE SENATE 49,District #,Voted,Valesky D,DiStefano R,DiStefano IDC,DiStefano C,Valesky WF,Write in,Voids/Blanks,,,,,
,,,,,,,,,,,,,,
CICERO,01|,313,147,82,9,16,18,0,41,,,,,
,02|,647,302,196,14,28,22,0,85,,,,,
,03|,559,276,163,12,19,17,0,72,,,,,
,04|,762,356,216,24,29,30,0,107,,,,,
,05|,504,248,129,14,19,12,0,82,,,,,
,06|,385,191,96,15,18,18,0,47,,,,,
,07|,624,249,217,17,21,21,0,99,,,,,
,08|,566,261,196,18,15,18,0,58,,,,,
,09|,302,170,72,4,10,12,0,34,,,,,
,10|,470,233,145,11,14,18,0,49,,,,,
,11|,429,204,132,11,11,15,0,56,,,,,
,12|,675,363,173,11,24,18,0,86,,,,,
,13|,606,312,153,15,16,24,0,86,,,,,
,14|,563,264,188,5,19,12,0,75,,,,,
,15|,359,172,116,5,13,13,0,40,,,,,
,16|,1087,491,368,22,42,33,0,131,,,,,
,17|,573,266,175,17,23,23,0,69,,,,,
,18|,247,136,67,3,8,8,0,25,,,,,
,19|,605,295,172,14,19,28,0,77,,,,,
,20|,361,169,122,8,11,11,0,40,,,,,
,21|,637,274,212,6,32,22,0,91,,,,,
,22|,244,132,55,9,10,13,0,25,,,,,
,23|,564,267,187,12,21,10,0,67,,,,,
,24|,657,327,189,11,19,22,0,89,,,,,
,25|,599,301,176,11,15,15,0,81,,,,,
,26|,639,322,179,14,20,12,0,92,,,,,
,27|,510,277,126,9,15,16,0,67,,,,,
,28|,662,335,183,12,27,22,0,83,,,,,
DEWITT,01|,532,272,163,9,28,11,0,49,,,,,
,02|,680,404,185,4,18,18,0,51,,,,,
,03|,548,316,158,12,15,18,0,29,,,,,
,04|,595,286,223,15,12,15,0,44,,,,,
,05|,588,336,170,8,14,15,0,45,,,,,
,06|,601,297,228,10,12,8,0,46,,,,,
,07|,392,196,109,11,14,17,0,45,,,,,
,08|,374,167,128,9,11,17,0,42,,,,,
,09|,380,192,88,18,18,15,0,49,,,,,
,10|,584,315,191,10,21,14,0,33,,,,,
,11|,421,207,108,14,17,19,0,56,,,,,
,12|,499,216,188,15,22,19,0,39,,,,,
,13|,356,175,101,10,12,12,0,46,,,,,
,14|,393,242,65,7,6,16,0,57,,,,,
,15|,454,227,170,10,8,12,0,27,,,,,
,16|,341,204,83,8,12,4,0,30,,,,,
,17|,206,99,60,5,9,13,0,20,,,,,
,18|,444,217,145,9,14,13,0,46,,,,,
,19|,632,295,228,14,17,14,0,64,,,,,
,20|,584,250,209,19,33,24,0,49,,,,,
,21|,681,342,196,14,20,29,0,80,,,,,
,22|,401,245,79,4,11,11,0,51,,,,,
,23|,744,379,271,8,17,23,0,46,,,,,
,24|,554,329,150,5,12,17,0,41,,,,,
,25|,473,247,120,16,20,14,0,56,,,,,
,26|,441,230,135,12,12,9,0,43,,,,,
,27|,390,166,175,5,7,7,0,30,,,,,
FABIUS,01|,665,299,220,19,29,17,0,81,,,,,
,02|,407,180,149,9,20,10,0,39,,,,,
MANLIUS,01|,583,250,179,22,34,29,0,69,,,,,
,02|,670,307,215,10,19,21,0,98,,,,,
,03|,527,241,182,14,13,8,0,69,,,,,
,04|,494,262,162,9,11,11,0,39,,,,,
,05|,426,263,94,7,15,19,0,28,,,,,
,06|,323,154,119,5,7,9,0,29,,,,,
,07|,521,279,137,12,23,13,0,57,,,,,
,08|,568,316,167,8,21,17,0,39,,,,,
,09|,569,281,157,15,17,28,0,71,,,,,
,10|,738,364,207,16,33,20,0,98,,,,,
,11|,480,250,158,8,13,7,0,44,,,,,
,12|,635,330,212,7,18,18,0,50,,,,,
,13|,343,171,90,7,13,10,0,52,,,,,
,14|,568,275,183,10,14,18,0,68,,,,,
,15|,431,196,144,12,20,19,0,40,,,,,
,16|,616,340,151,16,18,15,0,76,,,,,
,17|,578,299,197,8,18,16,1,39,,,,,
,18|,609,306,200,12,26,4,1,60,,,,,
,19|,350,156,95,8,11,17,0,63,,,,,
,20|,458,278,114,8,11,9,0,38,,,,,
,21|,521,327,111,11,12,16,0,44,,,,,
,22|,678,362,217,8,20,13,0,58,,,,,
,23|,442,250,114,6,11,10,0,51,,,,,
,24|,644,323,194,9,31,18,0,69,,,,,
,25|,651,327,222,16,23,16,0,47,,,,,
,26|,660,364,206,5,14,15,0,56,,,,,
,27|,504,257,168,12,21,13,0,33,,,,,
,28|,463,201,161,10,18,23,0,50,,,,,
,29|,374,188,123,15,8,11,0,29,,,,,
,30|,445,229,152,6,14,8,0,36,,,,,
,31|,683,317,259,7,23,12,0,65,,,,,
,32|,422,227,121,6,17,7,0,44,,,,,
,33|,563,298,185,7,13,11,0,49,,,,,
,34|,589,328,181,4,16,7,0,53,,,,,
,35|,585,248,256,12,17,5,0,47,,,,,
SPAFFORD,01|,716,301,296,11,23,14,0,71,,,,,
,02|,313,143,99,12,10,13,0,36,,,,,
TULLY,01|,461,213,142,10,21,18,0,57,,,,,
,02|,578,234,223,8,27,25,0,61,,,,,
,03|,508,243,164,5,22,15,0,59,,,,,
TOWN   TOTAL,|,50796,25368,15737,1036,1711,1512,2,5430,,,,,
GRAND  TOTAL,|,77073,42771,18380,1343,2053,2543,6,9977,,,,,
,,,,,,,,,,,,,,
STATE SENATE 49,District #,Voted,Valesky D,DiStefano R,DiStefano IDC,DiStefano C,Valesky WF,Write in,Voids/Blanks,,,,,
,,,,,,,,,,,,,,
5TH  WARD   ,,1313,738,279,39,40,61,3,153,,,,,
6TH  WARD   ,,1972,1150,370,41,40,79,0,292,,,,,
8TH  WARD   ,,345,220,13,4,4,9,0,95,,,,,
9TH  WARD   ,,757,460,56,8,9,18,0,206,,,,,
10TH WARD   ,,985,638,59,8,13,26,0,241,,,,,
12TH WARD   ,,1287,910,74,6,8,35,0,254,,,,,
13TH WARD   ,,1164,811,57,12,7,23,0,254,,,,,
14TH WARD   ,,3374,2212,378,40,60,85,0,599,,,,,
15TH WARD   ,,357,209,42,4,3,11,0,88,,,,,
16TH WARD   ,,2584,1508,258,27,22,118,0,651,,,,,
17TH WARD   ,,7556,5394,764,79,90,396,1,832,,,,,
18TH WARD   ,,873,635,20,4,9,20,0,185,,,,,
19TH WARD   ,,3710,2518,273,35,37,150,0,697,,,,,
WARD   TOTAL,,26277,17403,2643,307,342,1031,4,4547,,,,,
CICERO      ,,15149,7340,4485,333,534,503,0,1954,,,,,
DEWITT      ,,13288,6851,4126,281,412,404,0,1214,,,,,
FABIUS      ,,1072,479,369,28,49,27,0,120,,,,,
MANLIUS     ,,18711,9564,5833,348,613,493,2,1858,,,,,
SPAFFORD    ,,1029,444,395,23,33,27,0,107,,,,,
TULLY       ,,1547,690,529,23,70,58,0,177,,,,,
TOWN   TOTAL,,50796,25368,15737,1036,1711,1512,2,5430,,,,,
GRAND  TOTAL,,77073,42771,18380,1343,2053,2543,6,9977,,,,,
,,,,,,,,,,,,,,
STATE SENATE 50,District #,Voted,Mulcahy D,DeFrancisco R,DeFrancisco IDC,DeFrancisco C,Write in,Voids/Blanks,,,,,,
,,,,,,,,,,,,,,
1ST WARD,01|,397,113,208,27,13,0,36,,,,,,
,02|,305,97,137,15,13,0,43,,,,,,
,03|,375,144,136,22,16,0,57,,,,,,
,04|,388,149,142,17,15,0,65,,,,,,
,05|,274,83,119,13,16,0,43,,,,,,
,06|,263,109,72,12,7,0,63,,,,,,
,07|,300,96,139,19,11,0,35,,,,,,
,08|,302,106,138,18,6,0,34,,,,,,
2ND WARD,01|,330,141,110,18,5,0,56,,,,,,
,02|,421,179,150,22,14,0,56,,,,,,
,03|,357,157,103,21,11,0,65,,,,,,
3RD WARD,01|,105,38,35,6,3,0,23,,,,,,
,02|,369,141,138,17,8,0,65,,,,,,
,03|,489,149,224,28,24,0,64,,,,,,
,04|,370,151,115,18,14,0,72,,,,,,
,05|,367,90,185,25,19,0,48,,,,,,
,06|,425,151,181,20,14,0,59,,,,,,
,07|,460,133,226,21,23,0,57,,,,,,
4TH WARD,01|,414,168,140,15,21,1,69,,,,,,
,02|,420,157,170,23,26,0,44,,,,,,
,03|,509,141,268,41,11,0,48,,,,,,
,04|,411,97,238,26,15,0,35,,,,,,
,05|,528,180,250,19,17,0,62,,,,,,
,06|,393,109,211,26,13,0,34,,,,,,
,07|,417,150,195,17,14,0,41,,,,,,
,08|,566,238,190,32,23,0,83,,,,,,
,09|,420,155,159,35,15,0,56,,,,,,
,10|,380,138,170,25,16,0,31,,,,,,
,11|,290,109,113,11,6,0,51,,,,,,
5TH WARD,04|,491,162,217,30,27,0,55,,,,,,
,06|,516,196,207,40,14,0,59,,,,,,
,07|,508,163,222,39,22,0,62,,,,,,
,09|,457,119,254,27,18,0,39,,,,,,
,10|,564,198,255,34,16,0,61,,,,,,
,11|,495,164,244,17,16,0,54,,,,,,
6TH WARD,03|,367,159,111,21,7,0,69,,,,,,
,04|,188,79,72,5,6,0,26,,,,,,
7TH WARD,01|,312,102,140,21,9,0,40,,,,,,
,02|,394,138,180,22,14,0,40,,,,,,
,03|,363,133,163,12,15,0,40,,,,,,
,04|,277,91,122,11,17,0,36,,,,,,
8TH WARD,02|,446,142,213,30,16,0,45,,,,,,
,03|,216,130,29,2,8,0,47,,,,,,
,04|,174,72,63,6,7,0,26,,,,,,
,05|,455,155,218,28,12,0,42,,,,,,
9TH WARD,02|,425,190,136,17,6,0,76,,,,,,
,03|,41,23,15,1,0,0,2,,,,,,
10TH WARD,01|,237,136,45,5,5,0,46,,,,,,
11TH WARD,01|,281,144,57,13,13,0,54,,,,,,
,02|,336,162,89,15,8,0,62,,,,,,
,03|,429,188,146,22,8,0,65,,,,,,
,04|,371,133,170,18,13,0,37,,,,,,
,05|,227,115,51,6,3,0,52,,,,,,
,06|,90,38,32,2,7,0,11,,,,,,
,07|,427,84,273,26,12,0,32,,,,,,
,08|,437,141,225,32,15,0,24,,,,,,
12TH WARD,05|,329,141,112,15,19,0,42,,,,,,
,06|,436,168,189,22,18,0,39,,,,,,
13TH WARD,02|,305,155,85,8,5,0,52,,,,,,
,03|,514,187,239,25,16,0,47,,,,,,
,04|,424,183,148,26,11,0,56,,,,,,
,05|,590,303,166,30,18,0,73,,,,,,
,07|,71,36,23,2,0,0,10,,,,,,
,08|,296,143,94,11,8,0,40,,,,,,
,09|,365,130,156,11,15,0,53,,,,,,
,10|,451,179,173,17,23,0,59,,,,,,
14TH WARD,06|,531,186,240,27,25,0,53,,,,,,
,07|,512,119,289,27,26,0,51,,,,,,
,09|,396,164,156,13,9,0,54,,,,,,
,11|,551,216,221,25,38,0,51,,,,,,
WARD TOTAL,|,26340,9736,10902,1370,954,1,3377,,,,,,
,,,,,,,,,,,,,,
STATE SENATE 50,District #,Voted,Mulcahy D,DeFrancisco R,DeFrancisco IDC,DeFrancisco C,Write in,Voids/Blanks,,,,,,
,,,,,,,,,,,,,,
CAMILLUS,01|,663,132,410,35,30,0,56,|,,,,,
,02|,786,224,392,44,37,0,89,|,,,,,
,03|,283,68,174,8,12,0,21,|,,,,,
,04|,594,162,305,42,31,0,54,|,,,,,
,05|,620,141,364,34,30,0,51,|,,,,,
,06|,432,112,239,25,21,0,35,|,,,,,
,07|,1017,228,600,49,57,1,82,|,,,,,
,08|,289,64,173,13,17,0,22,|,,,,,
,09|,503,132,274,27,22,0,48,|,,,,,
,10|,513,155,278,24,15,0,41,|,,,,,
,11|,551,116,310,38,36,0,51,|,,,,,
,12|,336,93,175,14,10,0,44,|,,,,,
,13|,581,143,302,43,28,0,65,|,,,,,
,14|,459,78,297,29,20,0,35,|,,,,,
,15|,575,129,349,25,29,0,43,|,,,,,
,16|,613,175,318,30,31,1,58,|,,,,,
,17|,423,90,228,40,31,0,34,|,,,,,
,18|,526,108,322,25,25,0,46,|,,,,,
,19|,469,95,296,21,22,0,35,|,,,,,
,20|,500,126,249,26,34,0,65,|,,,,,
,21|,345,89,187,13,14,0,42,|,,,,,
,22|,384,81,237,16,16,0,34,|,,,,,
,23|,434,77,275,21,22,0,39,|,,,,,
,24|,547,93,357,22,19,0,56,|,,,,,
,25|,430,92,244,31,18,0,45,|,,,,,
,26|,750,187,438,28,34,0,63,|,,,,,
CLAY,01|,616,123,348,36,35,0,74,|,,,,,
,02|,501,151,246,37,21,0,46,|,,,,,
,03|,651,184,317,37,35,0,78,|,,,,,
,04|,655,172,331,37,42,0,73,|,,,,,
,05|,286,73,155,10,11,0,37,|,,,,,
,06|,397,92,198,28,28,0,51,|,,,,,
,07|,540,139,298,24,26,0,53,|,,,,,
,08|,372,88,213,22,12,0,37,|,,,,,
,09|,393,121,185,28,19,0,40,|,,,,,
,10|,468,150,198,27,19,0,74,|,,,,,
,11|,506,168,211,26,29,0,72,|,,,,,
,12|,661,150,352,38,32,0,89,|,,,,,
,13|,434,113,225,19,27,0,50,|,,,,,
,14|,598,158,338,34,21,0,47,|,,,,,
,15|,956,405,324,51,35,0,141,|,,,,,
,16|,507,131,276,23,26,0,51,|,,,,,
,17|,456,117,257,27,17,0,38,|,,,,,
,18|,584,171,313,30,20,0,50,|,,,,,
,19|,490,100,283,24,31,0,52,|,,,,,
,20|,426,103,224,19,26,0,54,|,,,,,
,21|,569,148,306,31,25,0,59,|,,,,,
,22|,554,180,278,28,19,0,49,|,,,,,
,23|,484,147,228,23,26,0,60,|,,,,,
,24|,310,93,138,18,10,0,51,|,,,,,
,25|,452,135,206,28,20,0,63,|,,,,,
,26|,604,169,322,33,23,0,57,|,,,,,
,27|,600,129,340,25,31,0,75,|,,,,,
,28|,544,171,267,22,21,0,63,|,,,,,
,29|,566,127,329,28,29,0,53,|,,,,,
,30|,374,104,168,20,23,0,59,|,,,,,
,31|,442,115,239,21,16,0,51,|,,,,,
,32|,577,127,364,20,16,0,50,|,,,,,
,33|,704,195,342,45,30,0,92,|,,,,,
,34|,657,201,291,36,23,0,106,|,,,,,
,35|,588,145,330,24,27,0,62,|,,,,,
,36|,437,151,209,20,13,0,44,|,,,,,
,37|,379,86,215,19,22,0,37,|,,,,,
,38|,492,139,253,25,14,0,61,|,,,,,
,39|,915,331,385,39,23,0,137,|,,,,,
,40|,407,106,222,12,20,0,47,|,,,,,
,41|,359,130,155,16,14,0,44,|,,,,,
,42|,630,174,331,30,26,1,68,|,,,,,
,43|,706,218,333,39,32,0,84,|,,,,,
,44|,760,211,392,38,37,0,82,|,,,,,
,45|,555,147,294,17,31,0,66,|,,,,,
,46|,723,167,396,34,37,0,89,|,,,,,
,47|,678,190,355,42,25,0,66,|,,,,,
,48|,604,191,284,25,18,0,86,|,,,,,
,49|,751,156,435,41,35,0,84,|,,,,,
,50|,927,240,484,47,40,0,116,|,,,,,
,51|,844,204,456,39,35,0,110,|,,,,,
ELBRIDGE,01|,525,105,284,41,33,0,62,|,,,,,
,02|,473,102,243,35,41,0,52,|,,,,,
,03|,638,140,338,50,44,0,66,|,,,,,
,04|,288,58,160,12,19,1,38,|,,,,,
,05|,440,77,253,38,28,0,44,|,,,,,
,06|,454,100,258,32,25,0,39,|,,,,,
GEDDES,01|,383,108,194,22,21,0,38,|,,,,,
,02|,325,76,166,23,15,0,45,|,,,,,
,03|,338,88,172,23,14,0,41,|,,,,,
,04|,316,79,173,3,15,0,46,|,,,,,
,05|,614,123,355,52,16,0,68,|,,,,,
,06|,551,132,321,30,12,0,56,|,,,,,
,07|,520,143,292,26,18,0,41,|,,,,,
,08|,641,178,366,28,22,0,47,|,,,,,
,09|,234,61,116,22,12,0,23,|,,,,,
,10|,471,107,284,30,19,0,31,|,,,,,
,11|,451,110,260,17,15,0,49,|,,,,,
,12|,463,111,260,17,14,1,60,|,,,,,
,13|,384,92,219,21,18,0,34,|,,,,,
,14|,405,90,227,15,14,0,59,|,,,,,
,15|,618,160,357,25,25,0,51,|,,,,,
,16|,435,93,270,25,22,0,25,|,,,,,
,17|,641,143,348,57,30,0,63,|,,,,,
,18|,399,88,230,16,23,0,42,|,,,,,
,19|,222,56,108,19,14,0,25,|,,,,,
,20|,504,122,271,32,26,0,53,|,,,,,
,21|,448,105,253,31,18,0,41,|,,,,,
LAFAYETTE,01|,364,68,197,20,32,0,47,|,,,,,
,02|,666,140,391,28,40,1,66,|,,,,,
,03|,664,148,333,46,41,0,96,|,,,,,
,04|,542,114,300,29,39,0,60,|,,,,,
,05|,557,129,313,30,28,0,57,|,,,,,
LYSANDER,01|,586,124,344,26,35,0,57,|,,,,,
,02|,474,116,251,33,31,0,43,|,,,,,
,03|,524,132,282,24,31,0,55,|,,,,,
,04|,390,90,228,21,20,0,31,|,,,,,
,05|,423,93,237,29,21,0,43,|,,,,,
,06|,424,93,251,23,14,0,43,|,,,,,
,07|,430,104,233,29,17,0,47,|,,,,,
,08|,841,181,496,36,46,0,82,|,,,,,
,09|,566,138,303,41,32,0,52,|,,,,,
,10|,342,84,200,21,18,0,19,|,,,,,
,11|,443,100,259,27,26,0,31,|,,,,,
,12|,615,136,339,43,31,0,66,|,,,,,
,13|,755,196,438,40,29,0,52,|,,,,,
,14|,380,116,197,20,10,0,37,|,,,,,
,15|,541,129,312,23,23,0,54,|,,,,,
,16|,582,134,350,22,24,0,52,|,,,,,
,17|,465,143,221,30,11,0,60,|,,,,,
,18|,551,135,320,31,26,0,39,|,,,,,
,19|,906,208,542,41,25,0,90,|,,,,,
,20|,928,196,565,53,48,0,66,|,,,,,
MARCELLUS,01|,528,163,261,41,21,0,42,|,,,,,
,02|,521,98,325,29,29,0,40,|,,,,,
,03|,543,115,334,28,26,0,40,|,,,,,
,04|,652,154,381,40,37,0,40,|,,,,,
,05|,684,165,364,42,36,0,77,|,,,,,
,06|,712,144,425,60,35,0,48,|,,,,,
ONONDAGA,01|,514,112,296,14,31,0,61,|,,,,,
,02|,731,192,410,27,20,1,81,|,,,,,
,03|,659,172,374,40,23,0,50,|,,,,,
,04|,599,165,289,37,31,0,77,|,,,,,
,05|,743,217,366,35,28,0,97,|,,,,,
,06|,507,106,283,46,23,0,49,|,,,,,
,07|,296,73,157,8,21,3,34,|,,,,,
,08|,382,135,146,27,20,0,54,|,,,,,
,09|,723,158,406,52,35,0,72,|,,,,,
,10|,551,120,308,36,30,0,57,|,,,,,
,11|,574,146,324,40,24,1,39,|,,,,,
,12|,523,118,315,34,20,0,36,|,,,,,
,13|,715,188,404,33,34,0,56,|,,,,,
,14|,672,172,364,34,21,0,81,|,,,,,
,15|,373,122,189,22,13,0,27,|,,,,,
,16|,666,225,321,32,25,0,63,|,,,,,
,17|,837,186,489,41,38,0,83,|,,,,,
,18|,584,154,311,37,32,0,50,|,,,,,
,19|,405,98,221,21,34,0,31,|,,,,,
,20|,367,62,213,21,32,1,38,|,,,,,
,21|,594,155,342,28,36,0,33,|,,,,,
OTISCO,01|,827,168,485,43,53,0,78,|,,,,,
,02|,551,112,318,34,31,0,56,|,,,,,
POMPEY,01|,692,140,409,26,36,0,81,|,,,,,
,02|,567,140,322,27,44,0,34,|,,,,,
,03|,693,189,384,27,31,0,62,|,,,,,
,04|,739,213,383,28,38,0,77,|,,,,,
,05|,642,151,334,24,48,0,85,|,,,,,
,06|,611,155,335,22,26,0,73,|,,,,,
SALINA,01|,534,151,292,23,23,0,45,|,,,,,
,02|,390,107,191,28,19,0,45,|,,,,,
,03|,576,139,335,28,34,0,40,|,,,,,
,04|,402,110,226,28,8,0,30,|,,,,,
,05|,433,121,225,25,14,0,48,|,,,,,
,06|,383,135,164,21,14,0,49,|,,,,,
,07|,518,145,241,33,15,0,84,|,,,,,
,08|,533,158,282,25,22,0,46,|,,,,,
,09|,275,87,127,16,9,0,36,|,,,,,
,10|,483,162,214,20,16,0,71,|,,,,,
,11|,294,84,160,23,9,0,18,|,,,,,
,12|,590,140,347,22,24,0,57,|,,,,,
,13|,485,103,278,27,25,0,52,|,,,,,
,14|,391,71,250,22,17,0,31,|,,,,,
,15|,376,121,169,25,15,0,46,|,,,,,
,16|,529,147,259,26,26,0,71,|,,,,,
,17|,444,154,182,24,17,0,67,|,,,,,
,18|,413,147,178,22,17,1,48,|,,,,,
,19|,494,143,237,32,17,0,65,|,,,,,
,20|,606,200,277,31,26,0,72,|,,,,,
,21|,413,108,189,31,30,0,55,|,,,,,
,22|,368,96,164,25,27,0,56,|,,,,,
,23|,466,127,249,32,15,0,43,|,,,,,
,24|,561,178,261,30,31,0,61,|,,,,,
,25|,507,105,297,28,22,0,55,|,,,,,
,26|,380,107,202,20,8,0,43,|,,,,,
,27|,321,94,143,29,13,0,42,|,,,,,
,28|,288,78,141,20,15,0,34,|,,,,,
,29|,532,155,266,20,25,0,66,|,,,,,
,30|,639,166,337,31,32,0,73,|,,,,,
,31|,489,156,241,31,17,0,44,|,,,,,
,32|,411,160,159,19,8,0,65,|,,,,,
,33|,441,121,240,16,21,2,41,|,,,,,
,34|,271,73,136,9,12,0,41,|,,,,,
,35|,428,113,231,26,18,0,40,|,,,,,
,36|,565,157,294,27,31,0,56,|,,,,,
SKANEATELES,01|,646,137,404,31,17,0,57,|,,,,,
,02|,597,134,346,36,28,0,53,|,,,,,
,03|,527,132,294,31,9,0,61,|,,,,,
,04|,648,150,383,44,26,0,45,|,,,,,
,05|,663,159,373,35,32,0,64,|,,,,,
,06|,360,81,194,21,16,0,48,|,,,,,
,07|,593,154,339,44,13,0,43,|,,,,,
,08|,516,129,304,17,23,0,43,|,,,,,
VAN BUREN,01|,505,99,278,26,58,0,44,|,,,,,
,02|,377,97,185,21,29,1,44,|,,,,,
,03|,321,98,149,20,16,0,38,|,,,,,
,04|,817,186,473,34,39,0,85,|,,,,,
,05|,551,144,282,35,28,0,62,|,,,,,
,06|,482,146,224,35,22,0,55,|,,,,,
,07|,431,104,244,17,21,0,45,|,,,,,
,08|,583,165,285,41,24,0,68,|,,,,,
,09|,742,161,403,44,60,0,74,|,,,,,
,10|,441,121,229,22,30,0,39,|,,,,,
,11|,451,128,232,24,22,0,45,|,,,,,
,12|,492,148,247,23,20,0,54,|,,,,,
TOWN TOTAL,|,116401,29695,62752,6325,5492,16,12121,|,,,,,
GRAND TOTAL,|,142741,39431,73654,7695,6446,17,15498,|,,,,,
,,,,,,,,,,,,,,
STATE SENATE 50,Voted,Mulcahy D,DeFrancisco R,DeFrancisco IDC,DeFrancisco C,Write in,Voids/Blanks,,,,,,,
,,,,,,,,,,,,,,
1ST  WARD   ,|  2604,897,1091,143,97,0,376,,,,,,,
2ND  WARD   ,|  1108,477,363,61,30,0,177,,,,,,,
3RD  WARD   ,|  2585,853,1104,135,105,0,388,,,,,,,
4TH  WARD   ,|  4748,1642,2104,270,177,1,554,,,,,,,
5TH  WARD   ,|  3031,1002,1399,187,113,0,330,,,,,,,
6TH  WARD   ,|   555,238,183,26,13,0,95,,,,,,,
7TH  WARD   ,|  1346,464,605,66,55,0,156,,,,,,,
8TH  WARD   ,|  1291,499,523,66,43,0,160,,,,,,,
9TH  WARD   ,|   466,213,151,18,6,0,78,,,,,,,
10TH WARD   ,|   237,136,45,5,5,0,46,,,,,,,
11TH WARD   ,|  2598,1005,1043,134,79,0,337,,,,,,,
12TH WARD   ,|   765,309,301,37,37,0,81,,,,,,,
13TH WARD   ,|  3016,1316,1084,130,96,0,390,,,,,,,
14TH WARD   ,|  1990,685,906,92,98,0,209,,,,,,,
WARD   TOTAL,| 26340,9736,10902,1370,954,1,3377,,,,,,,
CAMILLUS    ,| 13623,3190,7793,723,661,2,1254,,,,,,,
CLAY        ,| 28689,7936,14639,1462,1273,1,3378,,,,,,,
ELBRIDGE    ,|  2818,582,1536,208,190,1,301,,,,,,,
GEDDES      ,|  9363,2265,5242,534,383,1,938,,,,,,,
LAFAYETTE   ,|  2793,599,1534,153,180,1,326,,,,,,,
LYSANDER    ,| 11166,2648,6368,613,518,0,1019,,,,,,,
MARCELLUS   ,|  3640,839,2090,240,184,0,287,,,,,,,
ONONDAGA    ,| 12015,3076,6528,665,571,6,1169,,,,,,,
OTISCO      ,|  1378,280,803,77,84,0,134,,,,,,,
POMPEY      ,|  3944,988,2167,154,223,0,412,,,,,,,
SALINA      ,| 16229,4619,8184,895,692,3,1836,,,,,,,
SKANEATELES ,|  4550,1076,2637,259,164,0,414,,,,,,,
VAN BUREN   ,|  6193,1597,3231,342,369,1,653,,,,,,,
TOWN   TOTAL,|116401,29695,62752,6325,5492,16,12121,,,,,,,
GRAND  TOTAL,|142741,39431,73654,7695,6446,17,15498,,,,,,,
,,,,,,,,,,,,,,
ASSEMBLY 119,District #,Vote,Christensen D,Fitch R,Christensen IDC,Fitch C,Christensen WF,Write-in,Void/Blank,,,,,
,,,,,,,,,,,,,,
5TH WARD,08|,0,0,0,0,0,0,0,0,,,,,
8TH WARD,01|,345,219,15,1,2,9,0,99,,,,,
,03|,216,153,17,3,3,7,0,33,,,,,
9TH WARD,05|,448,269,8,5,0,16,0,150,,,,,
10TH WARD,01|,237,144,28,5,9,5,0,46,,,,,
,03|,399,236,25,8,7,19,0,104,,,,,
,04|,291,219,6,3,5,11,0,47,,,,,
,05|,268,170,23,5,4,3,0,63,,,,,
11TH WARD,05|,227,148,17,3,4,13,0,42,,,,,
12TH WARD,01|,513,375,14,4,2,14,0,104,,,,,
,02|,276,214,6,1,3,5,0,47,,,,,
,03|,43,27,10,0,2,0,0,4,,,,,
,04|,455,293,54,13,1,12,0,82,,,,,
13TH WARD,01|,588,422,33,6,3,13,0,111,,,,,
,02|,305,206,29,11,1,8,0,50,,,,,
,06|,576,424,18,6,6,11,0,111,,,,,
,07|,71,52,5,2,0,1,0,11,,,,,
14TH WARD,01|,377,297,11,4,3,13,0,49,,,,,
,02|,335,255,20,5,1,4,0,50,,,,,
,03|,544,392,43,5,10,11,0,83,,,,,
,08|,412,272,35,7,8,8,0,82,,,,,
15TH WARD,02|,66,40,4,1,1,4,0,16,,,,,
,04|,111,73,3,1,2,2,0,30,,,,,
17TH WARD,01|,429,295,41,10,12,35,0,36,,,,,
,02|,454,318,53,7,8,24,0,44,,,,,
,03|,392,263,34,6,3,39,0,47,,,,,
,04|,414,284,34,5,7,33,0,51,,,,,
,05|,373,234,22,1,2,46,0,68,,,,,
,06|,409,350,12,1,1,4,0,41,,,,,
,07|,581,426,48,5,7,23,0,72,,,,,
,08|,396,286,47,6,5,12,0,40,,,,,
,09|,530,373,81,9,4,29,0,34,,,,,
,10|,516,393,38,5,3,7,0,70,,,,,
,11|,354,278,18,5,7,8,0,38,,,,,
,12|,454,320,60,13,6,25,0,30,,,,,
,13|,477,324,74,9,13,15,0,42,,,,,
,14|,472,352,35,12,4,13,0,56,,,,,
,15|,607,400,121,13,17,21,0,35,,,,,
,16|,391,257,55,10,5,20,0,44,,,,,
,17|,297,198,46,6,2,11,0,34,,,,,
18TH WARD,01|,359,265,5,2,2,1,0,84,,,,,
,02|,514,392,16,4,7,20,0,75,,,,,
19TH WARD,01|,444,15,20,0,3,6,0,400,,,,,
,02|,402,293,13,3,3,10,0,80,,,,,
,04|,373,264,11,3,1,2,0,92,,,,,
,05|,488,345,22,3,6,14,0,98,,,,,
WARD TOTAL,|,17229,11825,1330,237,205,607,0,3025,,,,,
,,,,,,,,,,,,,,
ASSEMBLY 119,District #,Vote,Christensen D,Fitch R,Christensen IDC,Fitch C,Christensen WF,Write-in,Void/Blank,,,,,
,,,,,,,,,,,,,,
DEWITT,01|,532,268,157,15,32,9,0,51,,,,,
,02|,680,412,167,14,17,16,0,54,,,,,
,03|,548,331,138,12,20,13,0,34,,,,,
,04|,595,305,193,24,18,12,0,43,,,,,
,05|,588,338,156,14,17,13,0,50,,,,,
,06|,601,315,198,16,9,9,0,54,,,,,
,07|,392,210,85,12,18,20,0,47,,,,,
,08|,374,182,112,11,12,12,0,45,,,,,
,09|,380,200,74,16,20,17,0,53,,,,,
,10|,584,347,153,11,23,11,0,39,,,,,
,11|,421,207,105,20,18,14,0,57,,,,,
,12|,499,231,146,29,23,18,0,52,,,,,
,13|,356,189,89,9,15,8,0,46,,,,,
,14|,393,237,65,6,8,15,0,62,,,,,
,15|,454,218,166,15,11,12,0,32,,,,,
,16|,341,212,73,13,11,3,0,29,,,,,
,17|,206,115,43,7,9,11,0,21,,,,,
,18|,444,249,117,11,13,8,0,46,,,,,
,19|,632,305,216,16,18,14,0,63,,,,,
,20|,584,268,179,30,37,14,0,56,,,,,
,21|,681,368,150,24,22,25,0,92,,,,,
,22|,401,269,53,11,8,8,0,52,,,,,
,23|,744,376,262,13,21,20,0,52,,,,,
,24|,554,341,123,9,13,18,0,50,,,,,
,25|,473,251,100,21,18,17,0,66,,,,,
,26|,441,235,119,17,16,4,0,50,,,,,
,27|,390,180,149,7,12,6,0,36,,,,,
ONONDAGA,01|,514,204,190,24,28,20,0,48,,,,,
,02|,731,335,251,29,19,12,1,84,,,,,
,03|,659,285,254,25,31,7,0,57,,,,,
,04|,599,308,157,27,28,23,0,56,,,,,
,05|,743,366,199,33,23,20,0,102,,,,,
,06|,507,227,160,29,18,7,0,66,,,,,
,07|,296,119,103,12,21,11,0,30,,,,,
,08|,382,213,72,28,18,6,0,45,,,,,
,09|,723,311,250,30,37,20,0,75,,,,,
,10|,551,215,196,24,31,24,0,61,,,,,
,11|,574,242,213,28,32,13,0,46,,,,,
,12|,523,243,173,29,18,12,0,48,,,,,
,13|,715,320,261,30,28,15,0,61,,,,,
,14|,672,303,221,22,22,15,0,89,,,,,
,15|,373,201,108,13,13,6,0,32,,,,,
,16|,666,317,208,26,31,8,0,76,,,,,
,17|,837,335,320,41,32,14,0,95,,,,,
,18|,584,276,178,30,25,10,0,65,,,,,
,19|,405,163,142,19,32,13,0,36,,,,,
,20|,367,149,109,18,38,7,0,46,,,,,
,21|,594,286,195,25,35,12,0,41,,,,,
SALINA,01|,534,240,196,14,22,10,0,52,,,,,
,02|,390,171,135,13,17,13,0,41,,,,,
,03|,576,231,237,20,34,20,0,34,,,,,
,04|,402,192,142,12,11,8,0,37,,,,,
,05|,433,211,135,10,13,5,0,59,,,,,
,06|,383,199,94,7,12,10,0,61,,,,,
,07|,518,248,126,16,17,20,0,91,,,,,
,08|,533,238,182,16,26,8,0,63,,,,,
,09|,275,147,59,13,7,5,0,44,,,,,
,10|,483,241,131,12,13,9,0,77,,,,,
,11|,294,133,103,15,13,5,0,25,,,,,
,12|,590,270,209,10,14,14,0,73,,,,,
,13|,485,212,153,23,25,13,0,59,,,,,
,14|,391,150,156,15,18,8,0,44,,,,,
,15|,376,195,89,24,13,8,0,47,,,,,
,16|,529,232,147,21,32,13,0,84,,,,,
,17|,444,211,114,15,19,19,0,66,,,,,
,18|,413,217,96,19,12,19,0,50,,,,,
,19|,494,219,139,29,15,19,0,73,,,,,
,20|,606,309,157,27,22,18,0,73,,,,,
,21|,413,182,122,11,22,22,0,54,,,,,
,22|,368,174,82,16,23,12,0,61,,,,,
,23|,466,222,151,11,14,6,0,62,,,,,
,24|,561,275,151,22,29,14,0,70,,,,,
,25|,507,212,178,19,22,14,0,62,,,,,
,26|,380,180,124,11,7,10,0,48,,,,,
,27|,321,139,88,19,12,13,0,50,,,,,
,28|,288,124,75,10,17,9,0,53,,,,,
,29|,532,258,150,16,20,12,0,76,,,,,
,30|,639,293,190,25,24,19,0,88,,,,,
,31|,489,249,132,17,17,7,0,67,,,,,
,32|,411,194,118,9,8,9,0,73,,,,,
,33|,441,195,141,9,20,12,0,64,,,,,
,34|,271,132,70,9,8,8,0,44,,,,,
,35|,428,211,135,11,15,4,0,52,,,,,
,36|,565,264,190,17,27,10,0,57,,,,,
TOWN TOTAL,|,41532,20147,12445,1508,1659,1047,1,4725,,,,,
GRAND TOTAL,|,58761,31972,13775,1745,1864,1654,1,7750,,,,,
,,,,,,,,,,,,,,
ASSEMBLY 119,District #,Vote,Christensen D,Fitch R,Christensen IDC,Fitch C,Christensen WF,Write-in,Voids/Blanks,,,,,
,,,,,,,,,,,,,,
5TH  WARD   ,,0,0,0,0,0,0,0,0,,,,,
8TH  WARD   ,,561,372,32,4,5,16,0,132,,,,,
9TH  WARD   ,,448,269,8,5,0,16,0,150,,,,,
10TH WARD   ,,1195,769,82,21,25,38,0,260,,,,,
11TH WARD   ,,227,148,17,3,4,13,0,42,,,,,
12TH WARD   ,,1287,909,84,18,8,31,0,237,,,,,
13TH WARD   ,,1540,1104,85,25,10,33,0,283,,,,,
14TH WARD   ,,1668,1216,109,21,22,36,0,264,,,,,
15TH WARD   ,,177,113,7,2,3,6,0,46,,,,,
17TH WARD   ,,7546,5351,819,123,106,365,0,782,,,,,
18TH WARD   ,,873,657,21,6,9,21,0,159,,,,,
19TH WARD   ,,1707,917,66,9,13,32,0,670,,,,,
WARD   TOTAL,,17229,11825,1330,237,205,607,0,3025,,,,,
DEWITT      ,,13288,7159,3588,403,459,347,0,1332,,,,,
ONONDAGA    ,,12015,5418,3960,542,560,275,1,1259,,,,,
SALINA      ,,16229,7570,4897,563,640,425,0,2134,,,,,
TOWN   TOTAL,,41532,20147,12445,1508,1659,1047,1,4725,,,,,
GRAND  TOTAL,,58761,31972,13775,1745,1864,1654,1,7750,,,,,
,,,,,,,,,,,,,,
ASSEMBLY 120,District #,Vote,Magnarelli D,Rounds C,Magnarelli IDC,Rounds C,Magnarelli WF,Write-in,Void/Blank,,,,,
,,,,,,,,,,,,,,
1ST WARD,01|,397,240,71,27,11,14,0,34,,,,,
,02|,305,167,57,15,7,7,0,52,,,,,
,03|,375,230,59,17,9,10,0,50,,,,,
,04|,388,220,57,18,12,16,0,65,,,,,
,05|,274,160,47,14,4,8,0,41,,,,,
,06|,263,153,29,13,5,9,0,54,,,,,
,07|,300,193,49,13,2,12,0,31,,,,,
,08|,302,196,40,17,6,12,0,31,,,,,
2ND WARD,01|,330,183,63,12,8,13,0,51,,,,,
,02|,421,254,66,17,10,11,0,63,,,,,
,03|,357,214,40,12,10,19,0,62,,,,,
3RD WARD,01|,105,54,19,6,0,5,0,21,,,,,
,02|,369,232,44,17,4,14,0,58,,,,,
,03|,489,293,83,19,14,14,0,66,,,,,
,04|,370,210,42,23,9,15,0,71,,,,,
,05|,367,199,61,37,5,14,0,51,,,,,
,06|,425,259,69,16,14,11,0,56,,,,,
,07|,460,266,84,21,16,14,0,59,,,,,
4TH WARD,01|,414,251,47,15,21,10,0,70,,,,,
,02|,420,252,63,24,22,15,0,44,,,,,
,03|,509,298,105,37,8,13,0,48,,,,,
,04|,411,237,83,29,11,11,0,40,,,,,
,05|,528,308,119,15,13,17,1,55,,,,,
,06|,393,237,87,18,9,12,0,30,,,,,
,07|,417,252,85,17,13,4,0,46,,,,,
,08|,566,351,71,29,13,19,0,83,,,,,
,09|,420,247,59,33,8,20,0,53,,,,,
,10|,380,247,57,17,8,15,0,36,,,,,
,11|,290,169,43,15,6,9,0,48,,,,,
5TH WARD,01|,600,393,70,32,12,26,0,67,,,,,
,02|,321,186,68,15,10,11,0,31,,,,,
,04|,491,299,70,24,20,22,0,56,,,,,
,05|,392,242,72,13,10,15,0,40,,,,,
,06|,516,326,81,22,9,26,0,52,,,,,
,07|,508,307,78,35,18,15,0,55,,,,,
,09|,457,268,89,24,22,16,0,38,,,,,
,10|,564,346,86,28,10,20,0,74,,,,,
,11|,495,317,87,14,11,13,0,53,,,,,
6TH WARD,01|,459,311,44,19,4,20,0,61,,,,,
,02|,477,315,53,19,9,13,0,68,,,,,
,03|,367,222,37,18,8,11,1,70,,,,,
,04|,188,127,23,7,0,5,0,26,,,,,
,05|,397,243,72,15,14,13,0,40,,,,,
,06|,269,168,36,6,4,8,0,47,,,,,
,07|,370,223,46,13,5,21,0,62,,,,,
7TH WARD,01|,312,180,60,11,5,9,0,47,,,,,
,02|,394,227,78,17,10,19,0,43,,,,,
,03|,363,221,61,22,7,10,0,42,,,,,
,04|,277,168,46,13,8,7,0,35,,,,,
8TH WARD,02|,446,268,80,24,13,14,0,47,,,,,
,04|,174,95,20,8,7,5,0,39,,,,,
,05|,455,299,73,21,6,10,0,46,,,,,
9TH WARD,01|,309,185,46,6,7,7,0,58,,,,,
,02|,425,250,63,11,4,17,0,80,,,,,
,03|,41,28,5,1,0,2,0,5,,,,,
10TH WARD,02|,27,16,1,1,0,2,0,7,,,,,
11TH WARD,01|,281,176,28,11,8,5,0,53,,,,,
,02|,336,209,36,13,8,17,0,53,,,,,
,03|,429,277,56,14,7,14,0,61,,,,,
,04|,371,242,67,14,9,7,0,32,,,,,
,06|,90,59,10,3,3,2,0,13,,,,,
,07|,427,219,132,21,14,5,0,36,,,,,
,08|,437,283,83,18,9,11,0,33,,,,,
12TH WARD,05|,329,207,47,15,17,15,0,28,,,,,
,06|,436,283,70,15,15,13,0,40,,,,,
13TH WARD,03|,514,339,74,23,13,20,0,45,,,,,
,04|,424,273,47,24,11,20,0,49,,,,,
,05|,590,405,60,20,14,23,1,67,,,,,
,08|,296,200,35,10,9,9,0,33,,,,,
,09|,365,216,64,18,8,11,0,48,,,,,
,10|,451,295,53,9,16,17,0,61,,,,,
14TH WARD,04|,471,299,51,11,5,15,0,90,,,,,
,05|,232,130,55,8,7,6,1,25,,,,,
,06|,531,331,87,26,14,19,0,54,,,,,
,07|,512,281,124,26,22,13,0,46,,,,,
,09|,396,228,74,13,7,9,0,65,,,,,
,10|,356,232,33,9,9,9,0,64,,,,,
,11|,551,330,95,31,20,23,0,52,,,,,
,12|,452,280,78,16,12,6,0,60,,,,,
,13|,195,120,21,4,2,9,0,39,,,,,
15TH WARD,03|,180,104,24,5,2,2,0,43,,,,,
16TH WARD,01|,874,448,89,6,10,22,0,299,,,,,
,02|,218,129,23,1,6,15,0,44,,,,,
,03|,309,220,21,4,4,26,0,34,,,,,
,04|,703,361,61,13,4,13,0,251,,,,,
,05|,480,338,38,6,2,42,0,54,,,,,
17TH WARD,18|,10,6,1,0,0,0,0,3,,,,,
19TH WARD,03|,859,553,89,17,8,17,0,175,,,,,
,06|,540,351,32,8,4,32,0,113,,,,,
,07|,341,237,42,4,8,24,0,26,,,,,
,08|,263,167,39,7,6,17,0,27,,,,,
WARD TOTAL,|,35388,21630,5283,1445,824,1228,4,4974,,,,,
,,,,,,,,,,,,,,
ASSEMBLY 120,District #,Vote,Magnarelli D,Rounds C,Magnarelli IDC,Rounds C,Magnarelli WF,Write-in,Void/Blank,,,,,
,,,,,,,,,,,,,,
GEDDES,01|,383,202,89,18,18,6,0,50,,,,,
,02|,325,166,71,19,7,18,1,43,,,,,
,03|,338,185,82,13,10,9,0,39,,,,,
,04|,316,173,69,19,9,10,0,36,,,,,
,05|,614,307,152,41,11,20,0,83,,,,,
,06|,551,316,125,28,8,15,0,59,,,,,
,07|,520,296,136,26,11,10,0,41,,,,,
,08|,641,380,144,22,23,10,0,62,,,,,
,09|,234,135,38,28,6,6,0,21,,,,,
,10|,471,261,115,32,11,16,0,36,,,,,
,11|,451,246,127,19,12,10,1,36,,,,,
,12|,463,250,114,15,13,8,1,62,,,,,
,13|,384,210,83,22,15,7,0,47,,,,,
,14|,405,227,85,21,8,12,0,52,,,,,
,15|,618,342,159,34,15,10,0,58,,,,,
,16|,435,254,102,26,11,13,0,29,,,,,
,17|,641,310,165,38,15,28,1,84,,,,,
,18|,399,194,112,20,18,14,0,41,,,,,
,19|,222,113,37,25,10,11,0,26,,,,,
,20|,504,264,120,34,11,16,0,59,,,,,
,21|,448,234,119,22,16,14,1,42,,,,,
VAN BUREN,01|,505,212,138,34,46,13,0,62,,,,,
,02|,377,193,84,17,21,14,0,48,,,,,
,03|,321,152,78,19,13,14,0,45,,,,,
,04|,817,378,240,54,34,13,0,98,,,,,
,05|,551,267,142,37,24,16,0,65,,,,,
,06|,482,261,98,25,17,18,0,63,,,,,
,07|,431,219,117,23,14,13,0,45,,,,,
,08|,583,287,152,34,26,16,0,68,,,,,
,09|,742,344,215,37,41,14,0,91,,,,,
,10|,441,217,129,20,23,11,0,41,,,,,
,11|,451,230,113,29,17,9,0,53,,,,,
,12|,492,236,139,26,19,13,0,59,,,,,
TOWN TOTAL,|,15556,8061,3889,877,553,427,5,1744,,,,,
GRAND TOTAL,|,50944,29691,9172,2322,1377,1655,9,6718,,,,,
,,,,,,,,,,,,,,
ASSEMBLY 120,District #,Vote,Magnarelli D,Rounds R,Magnarelli IDC,Rounds C,Magnarelli WF,Write-in,Void/Blank,,,,,
,,,,,,,,,,,,,,
1ST  WARD   ,,2604,1559,409,134,56,88,0,358,,,,,
2ND  WARD   ,,1108,651,169,41,28,43,0,176,,,,,
3RD  WARD   ,,2585,1513,402,139,62,87,0,382,,,,,
4TH  WARD   ,,4748,2849,819,249,132,145,1,553,,,,,
5TH  WARD   ,,4344,2684,701,207,122,164,0,466,,,,,
6TH  WARD   ,,2527,1609,311,97,44,91,1,374,,,,,
7TH  WARD   ,,1346,796,245,63,30,45,0,167,,,,,
8TH  WARD   ,,1075,662,173,53,26,29,0,132,,,,,
9TH  WARD   ,,775,463,114,18,11,26,0,143,,,,,
10TH WARD   ,,27,16,1,1,0,2,0,7,,,,,
11TH WARD   ,,2371,1465,412,94,58,61,0,281,,,,,
12TH WARD   ,,765,490,117,30,32,28,0,68,,,,,
13TH WARD   ,,2640,1728,333,104,71,100,1,303,,,,,
14TH WARD   ,,3696,2231,618,144,98,109,1,495,,,,,
15TH WARD   ,,180,104,24,5,2,2,0,43,,,,,
16TH WARD   ,,2584,1496,232,30,26,118,0,682,,,,,
17TH WARD   ,,10,6,1,0,0,0,0,3,,,,,
19TH WARD   ,,2003,1308,202,36,26,90,0,341,,,,,
WARD   TOTAL,,35388,21630,5283,1445,824,1228,4,4974,,,,,
GEDDES      ,,9363,5065,2244,522,258,263,5,1006,,,,,
VAN BUREN   ,,6193,2996,1645,355,295,164,0,738,,,,,
TOWN   TOTAL,,15556,8061,3889,877,553,427,5,1744,,,,,
GRAND  TOTAL,,50944,29691,9172,2322,1377,1655,9,6718,,,,,
,,,,,,,,,,,,,,
ASSEMBLY 121,District #,Vote,Stirpe D,Knapp R,Knapp IDC,Knapp C,Stirpe WF,Write-in,Voids/Blanks,,,,,
,,,,,,,,,,,,,,
CICERO,01|,313,160,78,14,12,20,0,29,,,,,
,02|,647,322,196,16,26,31,0,56,,,,,
,03|,559,306,147,10,18,18,0,60,,,,,
,04|,762,349,226,29,29,31,0,98,,,,,
,05|,504,264,134,12,17,15,0,62,,,,,
,06|,385,204,95,12,21,21,0,32,,,,,
,07|,624,287,199,17,22,20,0,79,,,,,
,08|,566,290,178,15,15,19,0,49,,,,,
,09|,302,173,72,4,11,13,0,29,,,,,
,10|,470,230,156,14,14,15,0,41,,,,,
,11|,429,202,139,12,15,9,0,52,,,,,
,12|,675,390,162,11,27,25,0,60,,,,,
,13|,606,310,158,15,20,24,0,79,,,,,
,14|,563,290,187,2,20,11,0,53,,,,,
,15|,359,172,121,6,14,15,0,31,,,,,
,16|,1087,578,348,16,35,40,0,70,,,,,
,17|,573,280,174,17,22,27,0,53,,,,,
,18|,247,143,66,5,8,9,0,16,,,,,
,19|,605,306,173,15,22,23,0,66,,,,,
,20|,361,177,115,9,12,11,0,37,,,,,
,21|,637,283,208,14,42,15,0,75,,,,,
,22|,244,145,47,5,8,10,0,29,,,,,
,23|,564,283,182,10,21,10,0,58,,,,,
,24|,657,354,178,6,18,20,0,81,,,,,
,25|,599,337,150,12,15,24,0,61,,,,,
,26|,639,330,179,16,19,23,0,72,,,,,
,27|,510,285,134,11,15,18,0,47,,,,,
,28|,662,372,175,11,25,29,0,50,,,,,
CLAY,01|,616,239,241,19,32,31,0,54,,,,,
,02|,501,281,106,16,19,39,0,40,,,,,
,03|,651,347,167,13,27,23,0,74,,,,,
,04|,655,352,158,12,32,19,0,82,,,,,
,05|,286,160,69,0,9,4,0,44,,,,,
,06|,397,191,96,12,20,27,0,51,,,,,
,07|,540,278,163,13,19,23,0,44,,,,,
,08|,372,184,120,10,13,11,0,34,,,,,
,09|,393,214,102,10,13,28,0,26,,,,,
,10|,468,231,120,11,15,32,0,59,,,,,
,11|,506,268,120,13,17,27,0,61,,,,,
,12|,661,306,215,18,23,15,0,84,,,,,
,13|,434,229,114,8,21,13,0,49,,,,,
,14|,598,301,203,16,22,9,0,47,,,,,
,15|,956,576,161,17,20,41,0,141,,,,,
,16|,507,251,155,12,24,15,0,50,,,,,
,17|,456,220,154,11,10,25,0,36,,,,,
,18|,584,303,190,9,20,12,0,50,,,,,
,19|,490,222,167,10,22,26,0,43,,,,,
,20|,426,197,129,7,23,19,0,51,,,,,
,21|,569,288,166,19,24,11,0,61,,,,,
,22|,554,276,181,6,16,24,0,51,,,,,
,23|,484,263,131,3,20,12,0,55,,,,,
,24|,310,161,75,5,10,9,0,50,,,,,
,25|,452,227,123,10,15,14,0,63,,,,,
,26|,604,315,175,10,20,23,0,61,,,,,
,27|,600,231,235,12,24,29,0,69,,,,,
,28|,544,315,117,9,19,14,0,70,,,,,
,29|,566,259,190,10,22,22,0,63,,,,,
,30|,374,183,100,5,20,15,0,51,,,,,
,31|,442,226,139,8,9,15,0,45,,,,,
,32|,577,308,187,8,12,14,0,48,,,,,
,33|,704,387,172,17,17,37,0,74,,,,,
,34|,657,350,182,12,23,23,0,67,,,,,
,35|,588,319,172,9,17,27,0,44,,,,,
,36|,437,245,114,9,12,11,0,46,,,,,
,37|,379,170,137,6,20,18,0,28,,,,,
,38|,492,264,130,10,10,23,0,55,,,,,
,39|,915,520,206,17,11,58,0,103,,,,,
,40|,407,205,122,6,16,11,0,47,,,,,
,41|,359,189,96,10,12,15,0,37,,,,,
,42|,630,324,189,13,22,23,0,59,,,,,
,43|,706,399,167,21,23,23,0,73,,,,,
,44|,760,396,214,13,32,13,0,92,,,,,
,45|,555,293,154,8,19,26,0,55,,,,,
,46|,723,381,212,13,32,34,0,51,,,,,
,47|,678,360,191,16,20,17,1,73,,,,,
,48|,604,324,166,9,12,27,0,66,,,,,
,49|,751,381,229,13,21,23,0,84,,,,,
,50|,927,501,236,13,33,35,0,109,,,,,
,51|,844,433,251,14,27,31,0,88,,,,,
LAFAYETTE,01|,364,100,171,20,34,14,0,25,,,,,
,02|,666,190,358,29,42,10,1,36,,,,,
,03|,664,219,298,35,35,20,0,57,,,,,
,04|,542,183,238,23,40,17,0,41,,,,,
,05|,557,188,267,30,27,15,0,30,,,,,
MANLIUS,01|,583,261,172,20,37,31,0,62,,,,,
,02|,670,335,199,9,19,23,0,85,,,,,
,03|,527,246,185,12,13,7,0,64,,,,,
,04|,494,263,159,6,15,9,0,42,,,,,
,05|,426,243,112,11,12,15,0,33,,,,,
,06|,323,160,109,4,10,8,0,32,,,,,
,07|,521,277,139,10,24,12,0,59,,,,,
,08|,568,298,181,13,20,16,0,40,,,,,
,09|,569,285,160,13,18,24,0,69,,,,,
,10|,738,391,196,19,29,30,0,73,,,,,
,11|,480,231,176,8,13,5,0,47,,,,,
,12|,635,343,201,4,21,16,0,50,,,,,
,13|,343,166,108,5,13,8,0,43,,,,,
,14|,568,278,181,12,17,11,0,69,,,,,
,15|,431,199,140,11,24,19,0,38,,,,,
,16|,616,348,155,16,17,19,0,61,,,,,
,17|,578,290,206,12,21,12,1,36,,,,,
,18|,609,298,210,14,28,9,0,50,,,,,
,19|,350,157,99,5,11,14,0,64,,,,,
,20|,458,270,124,6,9,11,0,38,,,,,
,21|,521,314,120,10,12,19,0,46,,,,,
,22|,678,380,209,7,22,6,0,54,,,,,
,23|,442,243,129,5,14,8,0,43,,,,,
,24|,644,325,200,15,28,24,0,52,,,,,
,25|,651,335,225,15,23,12,0,41,,,,,
,26|,660,355,220,5,14,17,0,49,,,,,
,27|,504,249,175,9,22,11,0,38,,,,,
,28|,463,207,152,14,20,22,0,48,,,,,
,29|,374,200,119,11,7,14,0,23,,,,,
,30|,445,210,162,10,17,9,0,37,,,,,
,31|,683,333,254,5,26,17,0,48,,,,,
,32|,422,225,128,6,17,3,0,43,,,,,
,33|,563,292,190,6,15,9,0,51,,,,,
,34|,589,344,175,5,15,8,0,42,,,,,
,35|,585,247,266,10,19,4,0,39,,,,,
POMPEY,01|,692,249,314,16,32,9,0,72,,,,,
,02|,567,230,238,14,23,18,0,44,,,,,
,03|,693,333,255,13,29,11,0,52,,,,,
,04|,739,333,270,13,38,16,0,69,,,,,
,05|,642,247,249,12,45,16,0,73,,,,,
,06|,611,245,251,13,28,13,0,61,,,,,
TOWN   TOTAL,|,69286,34780,21331,1468,2549,2303,3,6852,,,,,
GRAND  TOTAL,|,69286,34780,21331,1468,2549,2303,3,6852,,,,,
,,,,,,,,,,,,,,
ASSEMBLY 121,District #,Vote,Stirpe D,Knapp R,Knapp IDC,Knapp C,Stirpe WF,Write-in,Voids/Blanks,,,,,
,,,,,,,,,,,,,,
CICERO      ,,15149,7822,4377,336,543,546,0,1525,,,,,
CLAY        ,,28689,14843,8109,571,991,1116,1,3058,,,,,
LAFAYETTE   ,,2793,880,1332,137,178,76,1,189,,,,,
MANLIUS     ,,18711,9598,5936,343,642,482,1,1709,,,,,
POMPEY      ,,3944,1637,1577,81,195,83,0,371,,,,,
TOWN   TOTAL,,69286,34780,21331,1468,2549,2303,3,6852,,,,,
GRAND  TOTAL,,69286,34780,21331,1468,2549,2303,3,6852,,,,,
,,,,,,,,,,,,,,
ASSEMBLY 124,District #,Vote,Burns D,Barclay R,Barclay IDC,Barclay C,Write-in,Voids/Blanks,,,,,,
,,,,,,,,,,,,,,
CAMILLUS,01|,663,176,347,25,29,0,86,,,,,,
,02|,786,275,321,35,32,0,123,,,,,,
,03|,283,90,133,9,7,0,44,,,,,,
,04|,594,209,246,27,33,0,79,,,,,,
,05|,620,200,287,22,24,0,87,,,,,,
,06|,432,157,173,18,20,0,64,,,,,,
,07|,1017,275,503,39,54,1,145,,,,,,
,08|,289,88,134,7,13,0,47,,,,,,
,09|,503,156,223,16,23,0,85,,,,,,
,10|,513,179,225,19,13,0,77,,,,,,
,11|,551,168,223,30,31,0,99,,,,,,
,12|,336,127,128,9,10,1,61,,,,,,
,13|,581,193,236,20,27,0,105,,,,,,
,14|,459,112,246,17,26,0,58,,,,,,
,15|,575,180,277,23,25,0,70,,,,,,
,16|,613,217,254,19,29,1,93,,,,,,
,17|,423,119,194,21,29,0,60,,,,,,
,18|,526,141,243,12,26,0,104,,,,,,
,19|,469,115,260,14,22,0,58,,,,,,
,20|,500,169,191,20,25,0,95,,,,,,
,21|,345,105,154,11,10,0,65,,,,,,
,22|,384,117,183,5,15,0,64,,,,,,
,23|,434,109,218,14,26,0,67,,,,,,
,24|,547,140,295,19,17,0,76,,,,,,
,25|,430,139,182,22,17,0,70,,,,,,
,26|,750,243,340,15,31,1,120,,,,,,
ELBRIDGE,01|,525,138,227,22,27,0,111,,,,,,
,02|,473,137,191,25,36,0,84,,,,,,
,03|,638,174,282,35,35,0,112,,,,,,
,04|,288,75,135,7,17,2,52,,,,,,
,05|,440,112,205,19,28,0,76,,,,,,
,06|,454,128,216,15,15,0,80,,,,,,
LYSANDER,01|,586,147,292,18,30,0,99,,,,,,
,02|,474,131,216,24,27,0,76,,,,,,
,03|,524,166,233,17,29,0,79,,,,,,
,04|,390,124,181,20,20,0,45,,,,,,
,05|,423,136,179,17,16,0,75,,,,,,
,06|,424,118,211,15,12,0,68,,,,,,
,07|,430,134,177,12,16,0,91,,,,,,
,08|,841,240,410,28,43,0,120,,,,,,
,09|,566,160,253,24,27,0,102,,,,,,
,10|,342,122,162,13,11,0,34,,,,,,
,11|,443,126,213,14,24,0,66,,,,,,
,12|,615,202,268,26,25,0,94,,,,,,
,13|,755,232,387,25,29,0,82,,,,,,
,14|,380,130,175,13,10,0,52,,,,,,
,15|,541,163,276,14,21,0,67,,,,,,
,16|,582,167,301,15,25,0,74,,,,,,
,17|,465,154,187,20,11,0,93,,,,,,
,18|,551,162,277,26,20,0,66,,,,,,
,19|,906,223,485,35,24,0,139,,,,,,
,20|,928,248,489,37,46,0,108,,,,,,
MARCELLUS,01|,528,194,228,22,23,0,61,,,,,,
,02|,521,135,264,17,26,0,79,,,,,,
,03|,543,158,275,17,24,0,69,,,,,,
,04|,652,198,321,24,34,0,75,,,,,,
,05|,684,197,318,33,33,0,103,,,,,,
,06|,712,218,332,40,28,0,94,,,,,,
SKANEATELES,01|,646,164,359,30,18,0,75,,,,,,
,02|,597,175,303,19,28,0,72,,,,,,
,03|,527,168,255,21,8,0,75,,,,,,
,04|,648,171,341,25,23,0,88,,,,,,
,05|,663,190,327,30,33,0,83,,,,,,
,06|,360,94,165,15,16,0,70,,,,,,
,07|,593,171,305,33,13,0,71,,,,,,
,08|,516,149,260,7,26,0,74,,,,,,
TOWN   TOTAL,|,35797,10630,16897,1357,1571,6,5336,,,,,,
GRAND  TOTAL,|,35797,10630,16897,1357,1571,6,5336,,,,,,
,,,,,,,,,,,,,,
ASSEMBLY 124,District,Vote,Burns D,Barclay R,Barclay IDC,Barclay C,Write-in,Voids/Blanks,,,,,,
,,,,,,,,,,,,,,
CAMILLUS    ,,13623,4199,6216,488,614,4,2102,,,,,,
ELBRIDGE    ,,2818,764,1256,123,158,2,515,,,,,,
LYSANDER    ,,11166,3285,5372,413,466,0,1630,,,,,,
MARCELLUS   ,,3640,1100,1738,153,168,0,481,,,,,,
SKANEATELES ,,4550,1282,2315,180,165,0,608,,,,,,
TOWN   TOTAL,,35797,10630,16897,1357,1571,6,5336,,,,,,
GRAND  TOTAL,,35797,10630,16897,1357,1571,6,5336,,,,,,
,,,,,,,,,,,,,,
ASSEMBLY 129,District,Vote,Sargent D,Kolb R,Kolb IDC,Kolb C,Write in,Voids/Blanks,,,,,,
,,,,,,,,,,,,,,
FABIUS     ,1,665,166,327,18,30,0,124,,,,,,
,2,407,121,186,8,22,0,70,,,,,,
OTISCO     ,1,827,213,408,28,51,0,127,,,,,,
,2,551,166,247,17,29,0,92,,,,,,
SPAFFORD   ,1,716,221,351,16,27,0,101,,,,,,
,2,313,106,131,10,14,0,52,,,,,,
TULLY    ,1,461,128,211,18,22,0,82,,,,,,
,2,578,154,294,15,26,0,89,,,,,,
,3,508,161,215,17,31,0,84,,,,,,
TOWN   TOTAL,,5026,1436,2370,147,252,0,821,,,,,,
GRAND  TOTAL,,5026,1436,2370,147,252,0,821,,,,,,
,,,,,,,,,,,,,,
FABIUS      ,,1072,287,513,26,52,0,194,,,,,,
OTISCO      ,,1378,379,655,45,80,0,219,,,,,,
SPAFFORD    ,,1029,327,482,26,41,0,153,,,,,,
TULLY       ,,1547,443,720,50,79,0,255,,,,,,
TOWN   TOTAL,,5026,1436,2370,147,252,0,821,,,,,,
GRAND  TOTAL,,5026,1436,2370,147,252,0,821,,,,,,
,,,,,,,,,,,,,,
